[2026-07-14 06:18:48] === enhance · pipewatch-pro · words=120000 loc>=10000 langs=9 push=True ===
[2026-07-14 06:18:53] phase DOCS — longform 120000-word corpus -> docs/corpus/
[2026-07-14 14:35:05] phase POLYGLOT — expanding to >= 10000 LOC across 9 languages
[2026-07-14 14:35:44]   facets: ['git_scanner', 'dep_resolver', 'cve_matcher', 'artifact_verifier', 'image_analyzer', 'audit_reporter']
[2026-07-14 14:37:53]   +polyglot/python/git_scanner.py  (loc now ~3715)
[2026-07-14 14:40:08]   +polyglot/go/git_scanner.go  (loc now ~4222)
[2026-07-14 14:42:06]   +polyglot/rust/git_scanner.rs  (loc now ~4685)
[2026-07-14 14:44:19]   +polyglot/typescript/git_scanner.ts  (loc now ~5209)
[2026-07-14 14:46:17]   +polyglot/c/git_scanner.c  (loc now ~5683)
[2026-07-14 14:48:34]   +polyglot/cpp/git_scanner.cpp  (loc now ~6138)
[2026-07-14 14:50:35]   +polyglot/java/git_scanner.java  (loc now ~6567)
[2026-07-14 14:52:36]   +polyglot/ruby/git_scanner.rb  (loc now ~7028)
[2026-07-14 14:54:55]   +polyglot/csharp/git_scanner.cs  (loc now ~7547)
[2026-07-14 14:56:53]   +polyglot/python/dep_resolver.py  (loc now ~8015)
[2026-07-14 14:59:12]   +polyglot/go/dep_resolver.go  (loc now ~8488)
[2026-07-14 15:01:11]   +polyglot/rust/dep_resolver.rs  (loc now ~8969)
[2026-07-14 15:03:26]   +polyglot/typescript/dep_resolver.ts  (loc now ~9450)
[2026-07-14 15:05:24]   +polyglot/c/dep_resolver.c  (loc now ~9932)
[2026-07-14 15:07:26]   +polyglot/cpp/dep_resolver.cpp  (loc now ~10395)
[2026-07-14 15:07:29] === done · pipewatch-pro · loc=10395 · {'committed': True, 'pushed': False, 'push_err': 'remote: error: GH013: Repository rule violations found for refs/heads/main.        \nremote: \nremote: - GITHUB PUSH PROTECTION        \nremote:   —————————————————————————————————————————        \nremote'} ===
[2026-07-14 21:38:09] === enhance · pipewatch-pro · words=120000 loc>=10000 langs=9 push=True ===
[2026-07-14 21:38:16] === done · pipewatch-pro · loc=10395 · {'committed': True, 'pushed': False, 'push_err': 'remote: error: GH013: Repository rule violations found for refs/heads/main.        \nremote: \nremote: - GITHUB PUSH PROTECTION        \nremote:   —————————————————————————————————————————        \nremote'} ===
[2026-07-14 21:38:17] === enhance · pipewatch-pro · words=120000 loc>=10000 langs=9 push=True ===
[2026-07-14 21:38:24] === done · pipewatch-pro · loc=10395 · {'committed': True, 'pushed': False, 'push_err': 'remote: error: GH013: Repository rule violations found for refs/heads/main.        \nremote: \nremote: - GITHUB PUSH PROTECTION        \nremote:   —————————————————————————————————————————        \nremote'} ===
[2026-07-14 21:38:25] === enhance · pipewatch-pro · words=120000 loc>=10000 langs=9 push=True ===
[2026-07-14 21:38:32] === done · pipewatch-pro · loc=10395 · {'committed': True, 'pushed': False, 'push_err': 'remote: error: GH013: Repository rule violations found for refs/heads/main.        \nremote: \nremote: - GITHUB PUSH PROTECTION        \nremote:   —————————————————————————————————————————        \nremote'} ===
[2026-07-14 21:38:33] === enhance · pipewatch-pro · words=120000 loc>=10000 langs=9 push=True ===
[2026-07-14 21:38:40] === done · pipewatch-pro · loc=10395 · {'committed': True, 'pushed': False, 'push_err': 'remote: error: GH013: Repository rule violations found for refs/heads/main.        \nremote: \nremote: - GITHUB PUSH PROTECTION        \nremote:   —————————————————————————————————————————        \nremote'} ===
[2026-07-14 21:38:41] === enhance · pipewatch-pro · words=120000 loc>=10000 langs=9 push=True ===
[2026-07-14 21:38:47] === done · pipewatch-pro · loc=10395 · {'committed': True, 'pushed': False, 'push_err': 'remote: error: GH013: Repository rule violations found for refs/heads/main.        \nremote: \nremote: - GITHUB PUSH PROTECTION        \nremote:   —————————————————————————————————————————        \nremote'} ===
[2026-07-14 21:38:49] === enhance · pipewatch-pro · words=120000 loc>=10000 langs=9 push=True ===
[2026-07-14 21:38:55] === done · pipewatch-pro · loc=10395 · {'committed': True, 'pushed': False, 'push_err': 'remote: error: GH013: Repository rule violations found for refs/heads/main.        \nremote: \nremote: - GITHUB PUSH PROTECTION        \nremote:   —————————————————————————————————————————        \nremote'} ===
[2026-07-14 21:38:57] === enhance · pipewatch-pro · words=120000 loc>=10000 langs=9 push=True ===
[2026-07-14 21:39:03] === done · pipewatch-pro · loc=10395 · {'committed': True, 'pushed': False, 'push_err': 'remote: error: GH013: Repository rule violations found for refs/heads/main.        \nremote: \nremote: - GITHUB PUSH PROTECTION        \nremote:   —————————————————————————————————————————        \nremote'} ===
[2026-07-14 21:39:04] === enhance · pipewatch-pro · words=120000 loc>=10000 langs=9 push=True ===
[2026-07-14 21:39:12] === done · pipewatch-pro · loc=10395 · {'committed': True, 'pushed': False, 'push_err': 'remote: error: GH013: Repository rule violations found for refs/heads/main.        \nremote: \nremote: - GITHUB PUSH PROTECTION        \nremote:   —————————————————————————————————————————        \nremote'} ===
[2026-07-14 21:39:13] === enhance · pipewatch-pro · words=120000 loc>=10000 langs=9 push=True ===
[2026-07-14 21:39:20] === done · pipewatch-pro · loc=10395 · {'committed': True, 'pushed': False, 'push_err': 'remote: error: GH013: Repository rule violations found for refs/heads/main.        \nremote: \nremote: - GITHUB PUSH PROTECTION        \nremote:   —————————————————————————————————————————        \nremote'} ===
[2026-07-14 21:39:21] === enhance · pipewatch-pro · words=120000 loc>=10000 langs=9 push=True ===
[2026-07-14 21:39:28] === done · pipewatch-pro · loc=10395 · {'committed': True, 'pushed': False, 'push_err': 'remote: error: GH013: Repository rule violations found for refs/heads/main.        \nremote: \nremote: - GITHUB PUSH PROTECTION        \nremote:   —————————————————————————————————————————        \nremote'} ===
[2026-07-14 21:39:29] === enhance · pipewatch-pro · words=120000 loc>=10000 langs=9 push=True ===
[2026-07-14 21:39:35] === done · pipewatch-pro · loc=10395 · {'committed': True, 'pushed': False, 'push_err': 'remote: error: GH013: Repository rule violations found for refs/heads/main.        \nremote: \nremote: - GITHUB PUSH PROTECTION        \nremote:   —————————————————————————————————————————        \nremote'} ===
[2026-07-14 21:39:37] === enhance · pipewatch-pro · words=120000 loc>=10000 langs=9 push=True ===
[2026-07-14 21:39:43] === done · pipewatch-pro · loc=10395 · {'committed': True, 'pushed': False, 'push_err': 'remote: error: GH013: Repository rule violations found for refs/heads/main.        \nremote: \nremote: - GITHUB PUSH PROTECTION        \nremote:   —————————————————————————————————————————        \nremote'} ===
[2026-07-14 21:39:45] === enhance · pipewatch-pro · words=120000 loc>=10000 langs=9 push=True ===
[2026-07-14 21:39:52] === done · pipewatch-pro · loc=10395 · {'committed': True, 'pushed': False, 'push_err': 'remote: error: GH013: Repository rule violations found for refs/heads/main.        \nremote: \nremote: - GITHUB PUSH PROTECTION        \nremote:   —————————————————————————————————————————        \nremote'} ===
[2026-07-14 21:39:54] === enhance · pipewatch-pro · words=120000 loc>=10000 langs=9 push=True ===
[2026-07-14 21:40:00] === done · pipewatch-pro · loc=10395 · {'committed': True, 'pushed': False, 'push_err': 'remote: error: GH013: Repository rule violations found for refs/heads/main.        \nremote: \nremote: - GITHUB PUSH PROTECTION        \nremote:   —————————————————————————————————————————        \nremote'} ===
[2026-07-14 21:40:01] === enhance · pipewatch-pro · words=120000 loc>=10000 langs=9 push=True ===
[2026-07-14 21:40:08] === done · pipewatch-pro · loc=10395 · {'committed': True, 'pushed': False, 'push_err': 'remote: error: GH013: Repository rule violations found for refs/heads/main.        \nremote: \nremote: - GITHUB PUSH PROTECTION        \nremote:   —————————————————————————————————————————        \nremote'} ===
[2026-07-14 21:40:09] === enhance · pipewatch-pro · words=120000 loc>=10000 langs=9 push=True ===
[2026-07-14 21:40:16] === done · pipewatch-pro · loc=10395 · {'committed': True, 'pushed': False, 'push_err': 'remote: error: GH013: Repository rule violations found for refs/heads/main.        \nremote: \nremote: - GITHUB PUSH PROTECTION        \nremote:   —————————————————————————————————————————        \nremote'} ===
[2026-07-14 21:40:17] === enhance · pipewatch-pro · words=120000 loc>=10000 langs=9 push=True ===
[2026-07-14 21:40:24] === done · pipewatch-pro · loc=10395 · {'committed': True, 'pushed': False, 'push_err': 'remote: error: GH013: Repository rule violations found for refs/heads/main.        \nremote: \nremote: - GITHUB PUSH PROTECTION        \nremote:   —————————————————————————————————————————        \nremote'} ===
[2026-07-14 21:40:25] === enhance · pipewatch-pro · words=120000 loc>=10000 langs=9 push=True ===
[2026-07-14 21:40:32] === done · pipewatch-pro · loc=10395 · {'committed': True, 'pushed': False, 'push_err': 'remote: error: GH013: Repository rule violations found for refs/heads/main.        \nremote: \nremote: - GITHUB PUSH PROTECTION        \nremote:   —————————————————————————————————————————        \nremote'} ===
[2026-07-14 21:40:33] === enhance · pipewatch-pro · words=120000 loc>=10000 langs=9 push=True ===
[2026-07-14 21:40:40] === done · pipewatch-pro · loc=10395 · {'committed': True, 'pushed': False, 'push_err': 'remote: error: GH013: Repository rule violations found for refs/heads/main.        \nremote: \nremote: - GITHUB PUSH PROTECTION        \nremote:   —————————————————————————————————————————        \nremote'} ===
[2026-07-14 21:40:41] === enhance · pipewatch-pro · words=120000 loc>=10000 langs=9 push=True ===
[2026-07-14 21:40:48] === done · pipewatch-pro · loc=10395 · {'committed': True, 'pushed': False, 'push_err': 'remote: error: GH013: Repository rule violations found for refs/heads/main.        \nremote: \nremote: - GITHUB PUSH PROTECTION        \nremote:   —————————————————————————————————————————        \nremote'} ===
[2026-07-14 21:40:49] === enhance · pipewatch-pro · words=120000 loc>=10000 langs=9 push=True ===
[2026-07-14 21:40:56] === done · pipewatch-pro · loc=10395 · {'committed': True, 'pushed': False, 'push_err': 'remote: error: GH013: Repository rule violations found for refs/heads/main.        \nremote: \nremote: - GITHUB PUSH PROTECTION        \nremote:   —————————————————————————————————————————        \nremote'} ===
[2026-07-14 21:40:57] === enhance · pipewatch-pro · words=120000 loc>=10000 langs=9 push=True ===
[2026-07-14 21:41:04] === done · pipewatch-pro · loc=10395 · {'committed': True, 'pushed': False, 'push_err': 'remote: error: GH013: Repository rule violations found for refs/heads/main.        \nremote: \nremote: - GITHUB PUSH PROTECTION        \nremote:   —————————————————————————————————————————        \nremote'} ===
[2026-07-14 21:41:05] === enhance · pipewatch-pro · words=120000 loc>=10000 langs=9 push=True ===
[2026-07-14 21:41:12] === done · pipewatch-pro · loc=10395 · {'committed': True, 'pushed': False, 'push_err': 'remote: error: GH013: Repository rule violations found for refs/heads/main.        \nremote: \nremote: - GITHUB PUSH PROTECTION        \nremote:   —————————————————————————————————————————        \nremote'} ===
[2026-07-14 21:41:13] === enhance · pipewatch-pro · words=120000 loc>=10000 langs=9 push=True ===
[2026-07-14 21:41:20] === done · pipewatch-pro · loc=10395 · {'committed': True, 'pushed': False, 'push_err': 'remote: error: GH013: Repository rule violations found for refs/heads/main.        \nremote: \nremote: - GITHUB PUSH PROTECTION        \nremote:   —————————————————————————————————————————        \nremote'} ===
[2026-07-14 21:41:21] === enhance · pipewatch-pro · words=120000 loc>=10000 langs=9 push=True ===
[2026-07-14 21:41:28] === done · pipewatch-pro · loc=10395 · {'committed': True, 'pushed': False, 'push_err': 'remote: error: GH013: Repository rule violations found for refs/heads/main.        \nremote: \nremote: - GITHUB PUSH PROTECTION        \nremote:   —————————————————————————————————————————        \nremote'} ===
[2026-07-14 21:41:29] === enhance · pipewatch-pro · words=120000 loc>=10000 langs=9 push=True ===
[2026-07-14 21:41:36] === done · pipewatch-pro · loc=10395 · {'committed': True, 'pushed': False, 'push_err': 'remote: error: GH013: Repository rule violations found for refs/heads/main.        \nremote: \nremote: - GITHUB PUSH PROTECTION        \nremote:   —————————————————————————————————————————        \nremote'} ===
[2026-07-14 21:41:37] === enhance · pipewatch-pro · words=120000 loc>=10000 langs=9 push=True ===
[2026-07-14 21:41:44] === done · pipewatch-pro · loc=10395 · {'committed': True, 'pushed': False, 'push_err': 'remote: error: GH013: Repository rule violations found for refs/heads/main.        \nremote: \nremote: - GITHUB PUSH PROTECTION        \nremote:   —————————————————————————————————————————        \nremote'} ===
[2026-07-14 21:41:45] === enhance · pipewatch-pro · words=120000 loc>=10000 langs=9 push=True ===
[2026-07-14 21:41:52] === done · pipewatch-pro · loc=10395 · {'committed': True, 'pushed': False, 'push_err': 'remote: error: GH013: Repository rule violations found for refs/heads/main.        \nremote: \nremote: - GITHUB PUSH PROTECTION        \nremote:   —————————————————————————————————————————        \nremote'} ===
[2026-07-14 21:41:53] === enhance · pipewatch-pro · words=120000 loc>=10000 langs=9 push=True ===
[2026-07-14 21:42:00] === done · pipewatch-pro · loc=10395 · {'committed': True, 'pushed': False, 'push_err': 'remote: error: GH013: Repository rule violations found for refs/heads/main.        \nremote: \nremote: - GITHUB PUSH PROTECTION        \nremote:   —————————————————————————————————————————        \nremote'} ===
[2026-07-14 21:42:01] === enhance · pipewatch-pro · words=120000 loc>=10000 langs=9 push=True ===
[2026-07-14 21:42:08] === done · pipewatch-pro · loc=10395 · {'committed': True, 'pushed': False, 'push_err': 'remote: error: GH013: Repository rule violations found for refs/heads/main.        \nremote: \nremote: - GITHUB PUSH PROTECTION        \nremote:   —————————————————————————————————————————        \nremote'} ===
[2026-07-14 21:42:09] === enhance · pipewatch-pro · words=120000 loc>=10000 langs=9 push=True ===
[2026-07-14 21:42:16] === done · pipewatch-pro · loc=10395 · {'committed': True, 'pushed': False, 'push_err': 'remote: error: GH013: Repository rule violations found for refs/heads/main.        \nremote: \nremote: - GITHUB PUSH PROTECTION        \nremote:   —————————————————————————————————————————        \nremote'} ===
[2026-07-14 21:42:17] === enhance · pipewatch-pro · words=120000 loc>=10000 langs=9 push=True ===
[2026-07-14 21:42:24] === done · pipewatch-pro · loc=10395 · {'committed': True, 'pushed': False, 'push_err': 'remote: error: GH013: Repository rule violations found for refs/heads/main.        \nremote: \nremote: - GITHUB PUSH PROTECTION        \nremote:   —————————————————————————————————————————        \nremote'} ===
[2026-07-14 21:42:25] === enhance · pipewatch-pro · words=120000 loc>=10000 langs=9 push=True ===
[2026-07-14 21:42:32] === done · pipewatch-pro · loc=10395 · {'committed': True, 'pushed': False, 'push_err': 'remote: error: GH013: Repository rule violations found for refs/heads/main.        \nremote: \nremote: - GITHUB PUSH PROTECTION        \nremote:   —————————————————————————————————————————        \nremote'} ===
[2026-07-14 21:42:34] === enhance · pipewatch-pro · words=120000 loc>=10000 langs=9 push=True ===
[2026-07-14 21:42:40] === done · pipewatch-pro · loc=10395 · {'committed': True, 'pushed': False, 'push_err': 'remote: error: GH013: Repository rule violations found for refs/heads/main.        \nremote: \nremote: - GITHUB PUSH PROTECTION        \nremote:   —————————————————————————————————————————        \nremote'} ===
[2026-07-14 21:42:41] === enhance · pipewatch-pro · words=120000 loc>=10000 langs=9 push=True ===
[2026-07-14 21:42:48] === done · pipewatch-pro · loc=10395 · {'committed': True, 'pushed': False, 'push_err': 'remote: error: GH013: Repository rule violations found for refs/heads/main.        \nremote: \nremote: - GITHUB PUSH PROTECTION        \nremote:   —————————————————————————————————————————        \nremote'} ===
[2026-07-14 21:42:49] === enhance · pipewatch-pro · words=120000 loc>=10000 langs=9 push=True ===
[2026-07-14 21:42:56] === done · pipewatch-pro · loc=10395 · {'committed': True, 'pushed': False, 'push_err': 'remote: error: GH013: Repository rule violations found for refs/heads/main.        \nremote: \nremote: - GITHUB PUSH PROTECTION        \nremote:   —————————————————————————————————————————        \nremote'} ===
[2026-07-14 21:42:57] === enhance · pipewatch-pro · words=120000 loc>=10000 langs=9 push=True ===
[2026-07-14 21:43:04] === done · pipewatch-pro · loc=10395 · {'committed': True, 'pushed': False, 'push_err': 'remote: error: GH013: Repository rule violations found for refs/heads/main.        \nremote: \nremote: - GITHUB PUSH PROTECTION        \nremote:   —————————————————————————————————————————        \nremote'} ===
[2026-07-14 21:43:06] === enhance · pipewatch-pro · words=120000 loc>=10000 langs=9 push=True ===
[2026-07-14 21:43:12] === done · pipewatch-pro · loc=10395 · {'committed': True, 'pushed': False, 'push_err': 'remote: error: GH013: Repository rule violations found for refs/heads/main.        \nremote: \nremote: - GITHUB PUSH PROTECTION        \nremote:   —————————————————————————————————————————        \nremote'} ===
[2026-07-14 21:43:14] === enhance · pipewatch-pro · words=120000 loc>=10000 langs=9 push=True ===
[2026-07-14 21:43:20] === done · pipewatch-pro · loc=10395 · {'committed': True, 'pushed': False, 'push_err': 'remote: error: GH013: Repository rule violations found for refs/heads/main.        \nremote: \nremote: - GITHUB PUSH PROTECTION        \nremote:   —————————————————————————————————————————        \nremote'} ===
[2026-07-14 21:43:21] === enhance · pipewatch-pro · words=120000 loc>=10000 langs=9 push=True ===
[2026-07-14 21:43:28] === done · pipewatch-pro · loc=10395 · {'committed': True, 'pushed': False, 'push_err': 'remote: error: GH013: Repository rule violations found for refs/heads/main.        \nremote: \nremote: - GITHUB PUSH PROTECTION        \nremote:   —————————————————————————————————————————        \nremote'} ===
[2026-07-14 21:43:29] === enhance · pipewatch-pro · words=120000 loc>=10000 langs=9 push=True ===
[2026-07-14 21:43:36] === done · pipewatch-pro · loc=10395 · {'committed': True, 'pushed': False, 'push_err': 'remote: error: GH013: Repository rule violations found for refs/heads/main.        \nremote: \nremote: - GITHUB PUSH PROTECTION        \nremote:   —————————————————————————————————————————        \nremote'} ===
[2026-07-14 21:43:37] === enhance · pipewatch-pro · words=120000 loc>=10000 langs=9 push=True ===
[2026-07-14 21:43:44] === done · pipewatch-pro · loc=10395 · {'committed': True, 'pushed': False, 'push_err': 'remote: error: GH013: Repository rule violations found for refs/heads/main.        \nremote: \nremote: - GITHUB PUSH PROTECTION        \nremote:   —————————————————————————————————————————        \nremote'} ===
[2026-07-14 21:43:45] === enhance · pipewatch-pro · words=120000 loc>=10000 langs=9 push=True ===
[2026-07-14 21:43:52] === done · pipewatch-pro · loc=10395 · {'committed': True, 'pushed': False, 'push_err': 'remote: error: GH013: Repository rule violations found for refs/heads/main.        \nremote: \nremote: - GITHUB PUSH PROTECTION        \nremote:   —————————————————————————————————————————        \nremote'} ===
[2026-07-14 21:43:53] === enhance · pipewatch-pro · words=120000 loc>=10000 langs=9 push=True ===
[2026-07-14 21:44:00] === done · pipewatch-pro · loc=10395 · {'committed': True, 'pushed': False, 'push_err': 'remote: error: GH013: Repository rule violations found for refs/heads/main.        \nremote: \nremote: - GITHUB PUSH PROTECTION        \nremote:   —————————————————————————————————————————        \nremote'} ===
[2026-07-14 21:44:02] === enhance · pipewatch-pro · words=120000 loc>=10000 langs=9 push=True ===
[2026-07-14 21:44:09] === done · pipewatch-pro · loc=10395 · {'committed': True, 'pushed': False, 'push_err': 'remote: error: GH013: Repository rule violations found for refs/heads/main.        \nremote: \nremote: - GITHUB PUSH PROTECTION        \nremote:   —————————————————————————————————————————        \nremote'} ===
[2026-07-14 21:44:11] === enhance · pipewatch-pro · words=120000 loc>=10000 langs=9 push=True ===
[2026-07-14 21:44:20] === done · pipewatch-pro · loc=10395 · {'committed': True, 'pushed': False, 'push_err': 'remote: error: GH013: Repository rule violations found for refs/heads/main.        \nremote: \nremote: - GITHUB PUSH PROTECTION        \nremote:   —————————————————————————————————————————        \nremote'} ===
[2026-07-14 21:44:21] === enhance · pipewatch-pro · words=120000 loc>=10000 langs=9 push=True ===
[2026-07-14 21:44:28] === done · pipewatch-pro · loc=10395 · {'committed': True, 'pushed': False, 'push_err': 'remote: error: GH013: Repository rule violations found for refs/heads/main.        \nremote: \nremote: - GITHUB PUSH PROTECTION        \nremote:   —————————————————————————————————————————        \nremote'} ===
[2026-07-14 21:44:30] === enhance · pipewatch-pro · words=120000 loc>=10000 langs=9 push=True ===
[2026-07-14 21:44:38] === done · pipewatch-pro · loc=10395 · {'committed': True, 'pushed': False, 'push_err': 'remote: error: GH013: Repository rule violations found for refs/heads/main.        \nremote: \nremote: - GITHUB PUSH PROTECTION        \nremote:   —————————————————————————————————————————        \nremote'} ===
[2026-07-14 21:44:40] === enhance · pipewatch-pro · words=120000 loc>=10000 langs=9 push=True ===
[2026-07-14 21:44:49] === done · pipewatch-pro · loc=10395 · {'committed': True, 'pushed': False, 'push_err': 'remote: error: GH013: Repository rule violations found for refs/heads/main.        \nremote: \nremote: - GITHUB PUSH PROTECTION        \nremote:   —————————————————————————————————————————        \nremote'} ===
[2026-07-14 21:44:50] === enhance · pipewatch-pro · words=120000 loc>=10000 langs=9 push=True ===
[2026-07-14 21:44:58] === done · pipewatch-pro · loc=10395 · {'committed': True, 'pushed': False, 'push_err': 'remote: error: GH013: Repository rule violations found for refs/heads/main.        \nremote: \nremote: - GITHUB PUSH PROTECTION        \nremote:   —————————————————————————————————————————        \nremote'} ===
[2026-07-14 21:45:00] === enhance · pipewatch-pro · words=120000 loc>=10000 langs=9 push=True ===
[2026-07-14 21:45:09] === done · pipewatch-pro · loc=10395 · {'committed': True, 'pushed': False, 'push_err': 'remote: error: GH013: Repository rule violations found for refs/heads/main.        \nremote: \nremote: - GITHUB PUSH PROTECTION        \nremote:   —————————————————————————————————————————        \nremote'} ===
[2026-07-14 21:45:11] === enhance · pipewatch-pro · words=120000 loc>=10000 langs=9 push=True ===
[2026-07-14 21:45:19] === done · pipewatch-pro · loc=10395 · {'committed': True, 'pushed': False, 'push_err': 'remote: error: GH013: Repository rule violations found for refs/heads/main.        \nremote: \nremote: - GITHUB PUSH PROTECTION        \nremote:   —————————————————————————————————————————        \nremote'} ===
[2026-07-14 21:45:21] === enhance · pipewatch-pro · words=120000 loc>=10000 langs=9 push=True ===
[2026-07-14 21:45:29] === done · pipewatch-pro · loc=10395 · {'committed': True, 'pushed': False, 'push_err': 'remote: error: GH013: Repository rule violations found for refs/heads/main.        \nremote: \nremote: - GITHUB PUSH PROTECTION        \nremote:   —————————————————————————————————————————        \nremote'} ===
[2026-07-14 21:45:30] === enhance · pipewatch-pro · words=120000 loc>=10000 langs=9 push=True ===
[2026-07-14 21:45:38] === done · pipewatch-pro · loc=10395 · {'committed': True, 'pushed': False, 'push_err': 'remote: error: GH013: Repository rule violations found for refs/heads/main.        \nremote: \nremote: - GITHUB PUSH PROTECTION        \nremote:   —————————————————————————————————————————        \nremote'} ===
[2026-07-14 21:45:40] === enhance · pipewatch-pro · words=120000 loc>=10000 langs=9 push=True ===
[2026-07-14 21:45:48] === done · pipewatch-pro · loc=10395 · {'committed': True, 'pushed': False, 'push_err': 'remote: error: GH013: Repository rule violations found for refs/heads/main.        \nremote: \nremote: - GITHUB PUSH PROTECTION        \nremote:   —————————————————————————————————————————        \nremote'} ===
[2026-07-14 21:45:49] === enhance · pipewatch-pro · words=120000 loc>=10000 langs=9 push=True ===
[2026-07-14 21:45:58] === done · pipewatch-pro · loc=10395 · {'committed': True, 'pushed': False, 'push_err': 'remote: error: GH013: Repository rule violations found for refs/heads/main.        \nremote: \nremote: - GITHUB PUSH PROTECTION        \nremote:   —————————————————————————————————————————        \nremote'} ===
[2026-07-14 21:45:59] === enhance · pipewatch-pro · words=120000 loc>=10000 langs=9 push=True ===
[2026-07-14 21:46:07] === done · pipewatch-pro · loc=10395 · {'committed': True, 'pushed': False, 'push_err': 'remote: error: GH013: Repository rule violations found for refs/heads/main.        \nremote: \nremote: - GITHUB PUSH PROTECTION        \nremote:   —————————————————————————————————————————        \nremote'} ===
[2026-07-14 21:46:08] === enhance · pipewatch-pro · words=120000 loc>=10000 langs=9 push=True ===
[2026-07-14 21:46:16] === done · pipewatch-pro · loc=10395 · {'committed': True, 'pushed': False, 'push_err': 'remote: error: GH013: Repository rule violations found for refs/heads/main.        \nremote: \nremote: - GITHUB PUSH PROTECTION        \nremote:   —————————————————————————————————————————        \nremote'} ===
[2026-07-14 21:46:18] === enhance · pipewatch-pro · words=120000 loc>=10000 langs=9 push=True ===
[2026-07-14 21:46:25] === done · pipewatch-pro · loc=10395 · {'committed': True, 'pushed': False, 'push_err': 'remote: error: GH013: Repository rule violations found for refs/heads/main.        \nremote: \nremote: - GITHUB PUSH PROTECTION        \nremote:   —————————————————————————————————————————        \nremote'} ===
[2026-07-14 21:46:27] === enhance · pipewatch-pro · words=120000 loc>=10000 langs=9 push=True ===
[2026-07-14 21:46:36] === done · pipewatch-pro · loc=10395 · {'committed': True, 'pushed': False, 'push_err': 'remote: error: GH013: Repository rule violations found for refs/heads/main.        \nremote: \nremote: - GITHUB PUSH PROTECTION        \nremote:   —————————————————————————————————————————        \nremote'} ===
[2026-07-14 21:46:38] === enhance · pipewatch-pro · words=120000 loc>=10000 langs=9 push=True ===
[2026-07-14 21:46:46] === done · pipewatch-pro · loc=10395 · {'committed': True, 'pushed': False, 'push_err': 'remote: error: GH013: Repository rule violations found for refs/heads/main.        \nremote: \nremote: - GITHUB PUSH PROTECTION        \nremote:   —————————————————————————————————————————        \nremote'} ===
[2026-07-14 21:46:48] === enhance · pipewatch-pro · words=120000 loc>=10000 langs=9 push=True ===
[2026-07-14 21:46:58] === done · pipewatch-pro · loc=10395 · {'committed': True, 'pushed': False, 'push_err': 'remote: error: GH013: Repository rule violations found for refs/heads/main.        \nremote: \nremote: - GITHUB PUSH PROTECTION        \nremote:   —————————————————————————————————————————        \nremote'} ===
[2026-07-14 21:46:59] === enhance · pipewatch-pro · words=120000 loc>=10000 langs=9 push=True ===
[2026-07-14 21:47:07] === done · pipewatch-pro · loc=10395 · {'committed': True, 'pushed': False, 'push_err': 'remote: error: GH013: Repository rule violations found for refs/heads/main.        \nremote: \nremote: - GITHUB PUSH PROTECTION        \nremote:   —————————————————————————————————————————        \nremote'} ===
[2026-07-14 21:47:08] === enhance · pipewatch-pro · words=120000 loc>=10000 langs=9 push=True ===
[2026-07-14 21:47:16] === done · pipewatch-pro · loc=10395 · {'committed': True, 'pushed': False, 'push_err': 'remote: error: GH013: Repository rule violations found for refs/heads/main.        \nremote: \nremote: - GITHUB PUSH PROTECTION        \nremote:   —————————————————————————————————————————        \nremote'} ===
[2026-07-14 21:47:17] === enhance · pipewatch-pro · words=120000 loc>=10000 langs=9 push=True ===
[2026-07-14 21:47:24] === done · pipewatch-pro · loc=10395 · {'committed': True, 'pushed': False, 'push_err': 'remote: error: GH013: Repository rule violations found for refs/heads/main.        \nremote: \nremote: - GITHUB PUSH PROTECTION        \nremote:   —————————————————————————————————————————        \nremote'} ===
[2026-07-14 21:47:26] === enhance · pipewatch-pro · words=120000 loc>=10000 langs=9 push=True ===
[2026-07-14 21:47:33] === done · pipewatch-pro · loc=10395 · {'committed': True, 'pushed': False, 'push_err': 'remote: error: GH013: Repository rule violations found for refs/heads/main.        \nremote: \nremote: - GITHUB PUSH PROTECTION        \nremote:   —————————————————————————————————————————        \nremote'} ===
[2026-07-14 21:47:34] === enhance · pipewatch-pro · words=120000 loc>=10000 langs=9 push=True ===
[2026-07-14 21:47:42] === done · pipewatch-pro · loc=10395 · {'committed': True, 'pushed': False, 'push_err': 'remote: error: GH013: Repository rule violations found for refs/heads/main.        \nremote: \nremote: - GITHUB PUSH PROTECTION        \nremote:   —————————————————————————————————————————        \nremote'} ===
[2026-07-14 21:47:44] === enhance · pipewatch-pro · words=120000 loc>=10000 langs=9 push=True ===
[2026-07-14 21:47:51] === done · pipewatch-pro · loc=10395 · {'committed': True, 'pushed': False, 'push_err': 'remote: error: GH013: Repository rule violations found for refs/heads/main.        \nremote: \nremote: - GITHUB PUSH PROTECTION        \nremote:   —————————————————————————————————————————        \nremote'} ===
[2026-07-14 21:47:52] === enhance · pipewatch-pro · words=120000 loc>=10000 langs=9 push=True ===
[2026-07-14 21:48:00] === done · pipewatch-pro · loc=10395 · {'committed': True, 'pushed': False, 'push_err': 'remote: error: GH013: Repository rule violations found for refs/heads/main.        \nremote: \nremote: - GITHUB PUSH PROTECTION        \nremote:   —————————————————————————————————————————        \nremote'} ===
[2026-07-14 21:48:01] === enhance · pipewatch-pro · words=120000 loc>=10000 langs=9 push=True ===
[2026-07-14 21:48:08] === done · pipewatch-pro · loc=10395 · {'committed': True, 'pushed': False, 'push_err': 'remote: error: GH013: Repository rule violations found for refs/heads/main.        \nremote: \nremote: - GITHUB PUSH PROTECTION        \nremote:   —————————————————————————————————————————        \nremote'} ===
[2026-07-14 21:48:10] === enhance · pipewatch-pro · words=120000 loc>=10000 langs=9 push=True ===
[2026-07-14 21:48:18] === done · pipewatch-pro · loc=10395 · {'committed': True, 'pushed': False, 'push_err': 'remote: error: GH013: Repository rule violations found for refs/heads/main.        \nremote: \nremote: - GITHUB PUSH PROTECTION        \nremote:   —————————————————————————————————————————        \nremote'} ===
[2026-07-14 21:48:19] === enhance · pipewatch-pro · words=120000 loc>=10000 langs=9 push=True ===
[2026-07-14 21:48:27] === done · pipewatch-pro · loc=10395 · {'committed': True, 'pushed': False, 'push_err': 'remote: error: GH013: Repository rule violations found for refs/heads/main.        \nremote: \nremote: - GITHUB PUSH PROTECTION        \nremote:   —————————————————————————————————————————        \nremote'} ===
[2026-07-14 21:48:28] === enhance · pipewatch-pro · words=120000 loc>=10000 langs=9 push=True ===
[2026-07-14 21:48:38] === done · pipewatch-pro · loc=10395 · {'committed': True, 'pushed': False, 'push_err': 'remote: error: GH013: Repository rule violations found for refs/heads/main.        \nremote: \nremote: - GITHUB PUSH PROTECTION        \nremote:   —————————————————————————————————————————        \nremote'} ===
[2026-07-14 21:48:39] === enhance · pipewatch-pro · words=120000 loc>=10000 langs=9 push=True ===
[2026-07-14 21:48:48] === done · pipewatch-pro · loc=10395 · {'committed': True, 'pushed': False, 'push_err': 'remote: error: GH013: Repository rule violations found for refs/heads/main.        \nremote: \nremote: - GITHUB PUSH PROTECTION        \nremote:   —————————————————————————————————————————        \nremote'} ===
[2026-07-14 21:48:49] === enhance · pipewatch-pro · words=120000 loc>=10000 langs=9 push=True ===
[2026-07-14 21:48:57] === done · pipewatch-pro · loc=10395 · {'committed': True, 'pushed': False, 'push_err': 'remote: error: GH013: Repository rule violations found for refs/heads/main.        \nremote: \nremote: - GITHUB PUSH PROTECTION        \nremote:   —————————————————————————————————————————        \nremote'} ===
[2026-07-14 21:48:59] === enhance · pipewatch-pro · words=120000 loc>=10000 langs=9 push=True ===
[2026-07-14 21:49:06] === done · pipewatch-pro · loc=10395 · {'committed': True, 'pushed': False, 'push_err': 'remote: error: GH013: Repository rule violations found for refs/heads/main.        \nremote: \nremote: - GITHUB PUSH PROTECTION        \nremote:   —————————————————————————————————————————        \nremote'} ===
[2026-07-14 21:49:08] === enhance · pipewatch-pro · words=120000 loc>=10000 langs=9 push=True ===
[2026-07-14 21:49:17] === done · pipewatch-pro · loc=10395 · {'committed': True, 'pushed': False, 'push_err': 'remote: error: GH013: Repository rule violations found for refs/heads/main.        \nremote: \nremote: - GITHUB PUSH PROTECTION        \nremote:   —————————————————————————————————————————        \nremote'} ===
[2026-07-14 21:49:19] === enhance · pipewatch-pro · words=120000 loc>=10000 langs=9 push=True ===
[2026-07-14 21:49:27] === done · pipewatch-pro · loc=10395 · {'committed': True, 'pushed': False, 'push_err': 'remote: error: GH013: Repository rule violations found for refs/heads/main.        \nremote: \nremote: - GITHUB PUSH PROTECTION        \nremote:   —————————————————————————————————————————        \nremote'} ===
[2026-07-14 21:49:29] === enhance · pipewatch-pro · words=120000 loc>=10000 langs=9 push=True ===
[2026-07-14 21:49:37] === done · pipewatch-pro · loc=10395 · {'committed': True, 'pushed': False, 'push_err': 'remote: error: GH013: Repository rule violations found for refs/heads/main.        \nremote: \nremote: - GITHUB PUSH PROTECTION        \nremote:   —————————————————————————————————————————        \nremote'} ===
[2026-07-14 21:49:39] === enhance · pipewatch-pro · words=120000 loc>=10000 langs=9 push=True ===
[2026-07-14 21:49:48] === done · pipewatch-pro · loc=10395 · {'committed': True, 'pushed': False, 'push_err': 'remote: error: GH013: Repository rule violations found for refs/heads/main.        \nremote: \nremote: - GITHUB PUSH PROTECTION        \nremote:   —————————————————————————————————————————        \nremote'} ===
[2026-07-14 21:49:49] === enhance · pipewatch-pro · words=120000 loc>=10000 langs=9 push=True ===
[2026-07-14 21:49:57] === done · pipewatch-pro · loc=10395 · {'committed': True, 'pushed': False, 'push_err': 'remote: error: GH013: Repository rule violations found for refs/heads/main.        \nremote: \nremote: - GITHUB PUSH PROTECTION        \nremote:   —————————————————————————————————————————        \nremote'} ===
[2026-07-14 21:49:59] === enhance · pipewatch-pro · words=120000 loc>=10000 langs=9 push=True ===
[2026-07-14 21:50:07] === done · pipewatch-pro · loc=10395 · {'committed': True, 'pushed': False, 'push_err': 'remote: error: GH013: Repository rule violations found for refs/heads/main.        \nremote: \nremote: - GITHUB PUSH PROTECTION        \nremote:   —————————————————————————————————————————        \nremote'} ===
[2026-07-14 21:50:09] === enhance · pipewatch-pro · words=120000 loc>=10000 langs=9 push=True ===
[2026-07-14 21:50:21] === done · pipewatch-pro · loc=10395 · {'committed': True, 'pushed': False, 'push_err': 'remote: error: GH013: Repository rule violations found for refs/heads/main.        \nremote: \nremote: - GITHUB PUSH PROTECTION        \nremote:   —————————————————————————————————————————        \nremote'} ===
[2026-07-14 21:50:23] === enhance · pipewatch-pro · words=120000 loc>=10000 langs=9 push=True ===
[2026-07-14 21:50:33] === done · pipewatch-pro · loc=10395 · {'committed': True, 'pushed': False, 'push_err': 'remote: error: GH013: Repository rule violations found for refs/heads/main.        \nremote: \nremote: - GITHUB PUSH PROTECTION        \nremote:   —————————————————————————————————————————        \nremote'} ===
[2026-07-14 21:50:35] === enhance · pipewatch-pro · words=120000 loc>=10000 langs=9 push=True ===
[2026-07-14 21:50:42] === done · pipewatch-pro · loc=10395 · {'committed': True, 'pushed': False, 'push_err': 'remote: error: GH013: Repository rule violations found for refs/heads/main.        \nremote: \nremote: - GITHUB PUSH PROTECTION        \nremote:   —————————————————————————————————————————        \nremote'} ===
[2026-07-14 21:50:44] === enhance · pipewatch-pro · words=120000 loc>=10000 langs=9 push=True ===
[2026-07-14 21:50:52] === done · pipewatch-pro · loc=10395 · {'committed': True, 'pushed': False, 'push_err': 'remote: error: GH013: Repository rule violations found for refs/heads/main.        \nremote: \nremote: - GITHUB PUSH PROTECTION        \nremote:   —————————————————————————————————————————        \nremote'} ===
[2026-07-14 21:50:55] === enhance · pipewatch-pro · words=120000 loc>=10000 langs=9 push=True ===
[2026-07-14 21:51:04] === done · pipewatch-pro · loc=10395 · {'committed': True, 'pushed': False, 'push_err': 'remote: error: GH013: Repository rule violations found for refs/heads/main.        \nremote: \nremote: - GITHUB PUSH PROTECTION        \nremote:   —————————————————————————————————————————        \nremote'} ===
[2026-07-14 21:51:05] === enhance · pipewatch-pro · words=120000 loc>=10000 langs=9 push=True ===
[2026-07-14 21:51:14] === done · pipewatch-pro · loc=10395 · {'committed': True, 'pushed': False, 'push_err': 'remote: error: GH013: Repository rule violations found for refs/heads/main.        \nremote: \nremote: - GITHUB PUSH PROTECTION        \nremote:   —————————————————————————————————————————        \nremote'} ===
[2026-07-14 21:51:15] === enhance · pipewatch-pro · words=120000 loc>=10000 langs=9 push=True ===
[2026-07-14 21:51:23] === done · pipewatch-pro · loc=10395 · {'committed': True, 'pushed': False, 'push_err': 'remote: error: GH013: Repository rule violations found for refs/heads/main.        \nremote: \nremote: - GITHUB PUSH PROTECTION        \nremote:   —————————————————————————————————————————        \nremote'} ===
[2026-07-14 21:51:25] === enhance · pipewatch-pro · words=120000 loc>=10000 langs=9 push=True ===
[2026-07-14 21:51:33] === done · pipewatch-pro · loc=10395 · {'committed': True, 'pushed': False, 'push_err': 'remote: error: GH013: Repository rule violations found for refs/heads/main.        \nremote: \nremote: - GITHUB PUSH PROTECTION        \nremote:   —————————————————————————————————————————        \nremote'} ===
[2026-07-14 21:51:35] === enhance · pipewatch-pro · words=120000 loc>=10000 langs=9 push=True ===
[2026-07-14 21:51:42] === done · pipewatch-pro · loc=10395 · {'committed': True, 'pushed': False, 'push_err': 'remote: error: GH013: Repository rule violations found for refs/heads/main.        \nremote: \nremote: - GITHUB PUSH PROTECTION        \nremote:   —————————————————————————————————————————        \nremote'} ===
[2026-07-14 21:51:44] === enhance · pipewatch-pro · words=120000 loc>=10000 langs=9 push=True ===
[2026-07-14 21:51:51] === done · pipewatch-pro · loc=10395 · {'committed': True, 'pushed': False, 'push_err': 'remote: error: GH013: Repository rule violations found for refs/heads/main.        \nremote: \nremote: - GITHUB PUSH PROTECTION        \nremote:   —————————————————————————————————————————        \nremote'} ===
[2026-07-14 21:51:53] === enhance · pipewatch-pro · words=120000 loc>=10000 langs=9 push=True ===
[2026-07-14 21:52:02] === done · pipewatch-pro · loc=10395 · {'committed': True, 'pushed': False, 'push_err': 'remote: error: GH013: Repository rule violations found for refs/heads/main.        \nremote: \nremote: - GITHUB PUSH PROTECTION        \nremote:   —————————————————————————————————————————        \nremote'} ===
[2026-07-14 21:52:04] === enhance · pipewatch-pro · words=120000 loc>=10000 langs=9 push=True ===
[2026-07-14 21:52:12] === done · pipewatch-pro · loc=10395 · {'committed': True, 'pushed': False, 'push_err': 'remote: error: GH013: Repository rule violations found for refs/heads/main.        \nremote: \nremote: - GITHUB PUSH PROTECTION        \nremote:   —————————————————————————————————————————        \nremote'} ===
[2026-07-14 21:52:14] === enhance · pipewatch-pro · words=120000 loc>=10000 langs=9 push=True ===
[2026-07-14 21:52:22] === done · pipewatch-pro · loc=10395 · {'committed': True, 'pushed': False, 'push_err': 'remote: error: GH013: Repository rule violations found for refs/heads/main.        \nremote: \nremote: - GITHUB PUSH PROTECTION        \nremote:   —————————————————————————————————————————        \nremote'} ===
[2026-07-14 21:52:24] === enhance · pipewatch-pro · words=120000 loc>=10000 langs=9 push=True ===
[2026-07-14 21:52:33] === done · pipewatch-pro · loc=10395 · {'committed': True, 'pushed': False, 'push_err': 'remote: error: GH013: Repository rule violations found for refs/heads/main.        \nremote: \nremote: - GITHUB PUSH PROTECTION        \nremote:   —————————————————————————————————————————        \nremote'} ===
[2026-07-14 21:52:35] === enhance · pipewatch-pro · words=120000 loc>=10000 langs=9 push=True ===
[2026-07-14 21:52:43] === done · pipewatch-pro · loc=10395 · {'committed': True, 'pushed': False, 'push_err': 'remote: error: GH013: Repository rule violations found for refs/heads/main.        \nremote: \nremote: - GITHUB PUSH PROTECTION        \nremote:   —————————————————————————————————————————        \nremote'} ===
[2026-07-14 21:52:45] === enhance · pipewatch-pro · words=120000 loc>=10000 langs=9 push=True ===
[2026-07-14 21:52:52] === done · pipewatch-pro · loc=10395 · {'committed': True, 'pushed': False, 'push_err': 'remote: error: GH013: Repository rule violations found for refs/heads/main.        \nremote: \nremote: - GITHUB PUSH PROTECTION        \nremote:   —————————————————————————————————————————        \nremote'} ===
[2026-07-14 21:52:54] === enhance · pipewatch-pro · words=120000 loc>=10000 langs=9 push=True ===
[2026-07-14 21:53:02] === done · pipewatch-pro · loc=10395 · {'committed': True, 'pushed': False, 'push_err': 'remote: error: GH013: Repository rule violations found for refs/heads/main.        \nremote: \nremote: - GITHUB PUSH PROTECTION        \nremote:   —————————————————————————————————————————        \nremote'} ===
[2026-07-14 21:53:04] === enhance · pipewatch-pro · words=120000 loc>=10000 langs=9 push=True ===
[2026-07-14 21:53:11] === done · pipewatch-pro · loc=10395 · {'committed': True, 'pushed': False, 'push_err': 'remote: error: GH013: Repository rule violations found for refs/heads/main.        \nremote: \nremote: - GITHUB PUSH PROTECTION        \nremote:   —————————————————————————————————————————        \nremote'} ===
[2026-07-14 21:53:14] === enhance · pipewatch-pro · words=120000 loc>=10000 langs=9 push=True ===
[2026-07-14 21:53:22] === done · pipewatch-pro · loc=10395 · {'committed': True, 'pushed': False, 'push_err': 'remote: error: GH013: Repository rule violations found for refs/heads/main.        \nremote: \nremote: - GITHUB PUSH PROTECTION        \nremote:   —————————————————————————————————————————        \nremote'} ===
[2026-07-14 21:53:23] === enhance · pipewatch-pro · words=120000 loc>=10000 langs=9 push=True ===
[2026-07-14 21:53:31] === done · pipewatch-pro · loc=10395 · {'committed': True, 'pushed': False, 'push_err': 'remote: error: GH013: Repository rule violations found for refs/heads/main.        \nremote: \nremote: - GITHUB PUSH PROTECTION        \nremote:   —————————————————————————————————————————        \nremote'} ===
[2026-07-14 21:53:32] === enhance · pipewatch-pro · words=120000 loc>=10000 langs=9 push=True ===
[2026-07-14 21:53:41] === done · pipewatch-pro · loc=10395 · {'committed': True, 'pushed': False, 'push_err': 'remote: error: GH013: Repository rule violations found for refs/heads/main.        \nremote: \nremote: - GITHUB PUSH PROTECTION        \nremote:   —————————————————————————————————————————        \nremote'} ===
[2026-07-14 21:53:43] === enhance · pipewatch-pro · words=120000 loc>=10000 langs=9 push=True ===
[2026-07-14 21:53:50] === done · pipewatch-pro · loc=10395 · {'committed': True, 'pushed': False, 'push_err': 'remote: error: GH013: Repository rule violations found for refs/heads/main.        \nremote: \nremote: - GITHUB PUSH PROTECTION        \nremote:   —————————————————————————————————————————        \nremote'} ===
[2026-07-14 21:53:51] === enhance · pipewatch-pro · words=120000 loc>=10000 langs=9 push=True ===
[2026-07-14 21:54:00] === done · pipewatch-pro · loc=10395 · {'committed': True, 'pushed': False, 'push_err': 'remote: error: GH013: Repository rule violations found for refs/heads/main.        \nremote: \nremote: - GITHUB PUSH PROTECTION        \nremote:   —————————————————————————————————————————        \nremote'} ===
[2026-07-14 21:54:01] === enhance · pipewatch-pro · words=120000 loc>=10000 langs=9 push=True ===
[2026-07-14 21:54:11] === done · pipewatch-pro · loc=10395 · {'committed': True, 'pushed': False, 'push_err': 'remote: error: GH013: Repository rule violations found for refs/heads/main.        \nremote: \nremote: - GITHUB PUSH PROTECTION        \nremote:   —————————————————————————————————————————        \nremote'} ===
[2026-07-14 21:54:13] === enhance · pipewatch-pro · words=120000 loc>=10000 langs=9 push=True ===
[2026-07-14 21:54:24] === done · pipewatch-pro · loc=10395 · {'committed': True, 'pushed': False, 'push_err': 'remote: error: GH013: Repository rule violations found for refs/heads/main.        \nremote: \nremote: - GITHUB PUSH PROTECTION        \nremote:   —————————————————————————————————————————        \nremote'} ===
[2026-07-14 21:54:25] === enhance · pipewatch-pro · words=120000 loc>=10000 langs=9 push=True ===
[2026-07-14 21:54:34] === done · pipewatch-pro · loc=10395 · {'committed': True, 'pushed': False, 'push_err': 'remote: error: GH013: Repository rule violations found for refs/heads/main.        \nremote: \nremote: - GITHUB PUSH PROTECTION        \nremote:   —————————————————————————————————————————        \nremote'} ===
[2026-07-14 21:54:35] === enhance · pipewatch-pro · words=120000 loc>=10000 langs=9 push=True ===
[2026-07-14 21:54:46] === done · pipewatch-pro · loc=10395 · {'committed': True, 'pushed': False, 'push_err': 'remote: error: GH013: Repository rule violations found for refs/heads/main.        \nremote: \nremote: - GITHUB PUSH PROTECTION        \nremote:   —————————————————————————————————————————        \nremote'} ===
[2026-07-14 21:54:47] === enhance · pipewatch-pro · words=120000 loc>=10000 langs=9 push=True ===
[2026-07-14 21:54:56] === done · pipewatch-pro · loc=10395 · {'committed': True, 'pushed': False, 'push_err': 'remote: error: GH013: Repository rule violations found for refs/heads/main.        \nremote: \nremote: - GITHUB PUSH PROTECTION        \nremote:   —————————————————————————————————————————        \nremote'} ===
[2026-07-14 21:54:58] === enhance · pipewatch-pro · words=120000 loc>=10000 langs=9 push=True ===
[2026-07-14 21:55:06] === done · pipewatch-pro · loc=10395 · {'committed': True, 'pushed': False, 'push_err': 'remote: error: GH013: Repository rule violations found for refs/heads/main.        \nremote: \nremote: - GITHUB PUSH PROTECTION        \nremote:   —————————————————————————————————————————        \nremote'} ===
[2026-07-14 21:55:08] === enhance · pipewatch-pro · words=120000 loc>=10000 langs=9 push=True ===
[2026-07-14 21:55:16] === done · pipewatch-pro · loc=10395 · {'committed': True, 'pushed': False, 'push_err': 'remote: error: GH013: Repository rule violations found for refs/heads/main.        \nremote: \nremote: - GITHUB PUSH PROTECTION        \nremote:   —————————————————————————————————————————        \nremote'} ===
[2026-07-14 21:55:17] === enhance · pipewatch-pro · words=120000 loc>=10000 langs=9 push=True ===
[2026-07-14 21:55:24] === done · pipewatch-pro · loc=10395 · {'committed': True, 'pushed': False, 'push_err': 'remote: error: GH013: Repository rule violations found for refs/heads/main.        \nremote: \nremote: - GITHUB PUSH PROTECTION        \nremote:   —————————————————————————————————————————        \nremote'} ===
[2026-07-14 21:55:26] === enhance · pipewatch-pro · words=120000 loc>=10000 langs=9 push=True ===
[2026-07-14 21:55:33] === done · pipewatch-pro · loc=10395 · {'committed': True, 'pushed': False, 'push_err': 'remote: error: GH013: Repository rule violations found for refs/heads/main.        \nremote: \nremote: - GITHUB PUSH PROTECTION        \nremote:   —————————————————————————————————————————        \nremote'} ===
[2026-07-14 21:55:34] === enhance · pipewatch-pro · words=120000 loc>=10000 langs=9 push=True ===
[2026-07-14 21:55:42] === done · pipewatch-pro · loc=10395 · {'committed': True, 'pushed': False, 'push_err': 'remote: error: GH013: Repository rule violations found for refs/heads/main.        \nremote: \nremote: - GITHUB PUSH PROTECTION        \nremote:   —————————————————————————————————————————        \nremote'} ===
[2026-07-14 21:55:43] === enhance · pipewatch-pro · words=120000 loc>=10000 langs=9 push=True ===
[2026-07-14 21:55:51] === done · pipewatch-pro · loc=10395 · {'committed': True, 'pushed': False, 'push_err': 'remote: error: GH013: Repository rule violations found for refs/heads/main.        \nremote: \nremote: - GITHUB PUSH PROTECTION        \nremote:   —————————————————————————————————————————        \nremote'} ===
[2026-07-14 21:55:52] === enhance · pipewatch-pro · words=120000 loc>=10000 langs=9 push=True ===
[2026-07-14 21:56:00] === done · pipewatch-pro · loc=10395 · {'committed': True, 'pushed': False, 'push_err': 'remote: error: GH013: Repository rule violations found for refs/heads/main.        \nremote: \nremote: - GITHUB PUSH PROTECTION        \nremote:   —————————————————————————————————————————        \nremote'} ===
[2026-07-14 21:56:01] === enhance · pipewatch-pro · words=120000 loc>=10000 langs=9 push=True ===
[2026-07-14 21:56:09] === done · pipewatch-pro · loc=10395 · {'committed': True, 'pushed': False, 'push_err': 'remote: error: GH013: Repository rule violations found for refs/heads/main.        \nremote: \nremote: - GITHUB PUSH PROTECTION        \nremote:   —————————————————————————————————————————        \nremote'} ===
[2026-07-14 21:56:10] === enhance · pipewatch-pro · words=120000 loc>=10000 langs=9 push=True ===
[2026-07-14 21:56:18] === done · pipewatch-pro · loc=10395 · {'committed': True, 'pushed': False, 'push_err': 'remote: error: GH013: Repository rule violations found for refs/heads/main.        \nremote: \nremote: - GITHUB PUSH PROTECTION        \nremote:   —————————————————————————————————————————        \nremote'} ===
[2026-07-14 21:56:19] === enhance · pipewatch-pro · words=120000 loc>=10000 langs=9 push=True ===
[2026-07-14 21:56:27] === done · pipewatch-pro · loc=10395 · {'committed': True, 'pushed': False, 'push_err': 'remote: error: GH013: Repository rule violations found for refs/heads/main.        \nremote: \nremote: - GITHUB PUSH PROTECTION        \nremote:   —————————————————————————————————————————        \nremote'} ===
[2026-07-14 21:56:28] === enhance · pipewatch-pro · words=120000 loc>=10000 langs=9 push=True ===
[2026-07-14 21:56:36] === done · pipewatch-pro · loc=10395 · {'committed': True, 'pushed': False, 'push_err': 'remote: error: GH013: Repository rule violations found for refs/heads/main.        \nremote: \nremote: - GITHUB PUSH PROTECTION        \nremote:   —————————————————————————————————————————        \nremote'} ===
[2026-07-14 21:56:37] === enhance · pipewatch-pro · words=120000 loc>=10000 langs=9 push=True ===
[2026-07-14 21:56:45] === done · pipewatch-pro · loc=10395 · {'committed': True, 'pushed': False, 'push_err': 'remote: error: GH013: Repository rule violations found for refs/heads/main.        \nremote: \nremote: - GITHUB PUSH PROTECTION        \nremote:   —————————————————————————————————————————        \nremote'} ===
[2026-07-14 21:56:46] === enhance · pipewatch-pro · words=120000 loc>=10000 langs=9 push=True ===
[2026-07-14 21:56:53] === done · pipewatch-pro · loc=10395 · {'committed': True, 'pushed': False, 'push_err': 'remote: error: GH013: Repository rule violations found for refs/heads/main.        \nremote: \nremote: - GITHUB PUSH PROTECTION        \nremote:   —————————————————————————————————————————        \nremote'} ===
[2026-07-14 21:56:55] === enhance · pipewatch-pro · words=120000 loc>=10000 langs=9 push=True ===
[2026-07-14 21:57:02] === done · pipewatch-pro · loc=10395 · {'committed': True, 'pushed': False, 'push_err': 'remote: error: GH013: Repository rule violations found for refs/heads/main.        \nremote: \nremote: - GITHUB PUSH PROTECTION        \nremote:   —————————————————————————————————————————        \nremote'} ===
[2026-07-14 21:57:04] === enhance · pipewatch-pro · words=120000 loc>=10000 langs=9 push=True ===
[2026-07-14 21:57:11] === done · pipewatch-pro · loc=10395 · {'committed': True, 'pushed': False, 'push_err': 'remote: error: GH013: Repository rule violations found for refs/heads/main.        \nremote: \nremote: - GITHUB PUSH PROTECTION        \nremote:   —————————————————————————————————————————        \nremote'} ===
[2026-07-14 21:57:13] === enhance · pipewatch-pro · words=120000 loc>=10000 langs=9 push=True ===
[2026-07-14 21:57:20] === done · pipewatch-pro · loc=10395 · {'committed': True, 'pushed': False, 'push_err': 'remote: error: GH013: Repository rule violations found for refs/heads/main.        \nremote: \nremote: - GITHUB PUSH PROTECTION        \nremote:   —————————————————————————————————————————        \nremote'} ===
[2026-07-14 21:57:22] === enhance · pipewatch-pro · words=120000 loc>=10000 langs=9 push=True ===
[2026-07-14 21:57:31] === done · pipewatch-pro · loc=10395 · {'committed': True, 'pushed': False, 'push_err': 'remote: error: GH013: Repository rule violations found for refs/heads/main.        \nremote: \nremote: - GITHUB PUSH PROTECTION        \nremote:   —————————————————————————————————————————        \nremote'} ===
[2026-07-14 21:57:33] === enhance · pipewatch-pro · words=120000 loc>=10000 langs=9 push=True ===
[2026-07-14 21:57:42] === done · pipewatch-pro · loc=10395 · {'committed': True, 'pushed': False, 'push_err': 'remote: error: GH013: Repository rule violations found for refs/heads/main.        \nremote: \nremote: - GITHUB PUSH PROTECTION        \nremote:   —————————————————————————————————————————        \nremote'} ===
[2026-07-14 21:57:43] === enhance · pipewatch-pro · words=120000 loc>=10000 langs=9 push=True ===
[2026-07-14 21:57:52] === done · pipewatch-pro · loc=10395 · {'committed': True, 'pushed': False, 'push_err': 'remote: error: GH013: Repository rule violations found for refs/heads/main.        \nremote: \nremote: - GITHUB PUSH PROTECTION        \nremote:   —————————————————————————————————————————        \nremote'} ===
[2026-07-14 21:57:53] === enhance · pipewatch-pro · words=120000 loc>=10000 langs=9 push=True ===
[2026-07-14 21:58:02] === done · pipewatch-pro · loc=10395 · {'committed': True, 'pushed': False, 'push_err': 'remote: error: GH013: Repository rule violations found for refs/heads/main.        \nremote: \nremote: - GITHUB PUSH PROTECTION        \nremote:   —————————————————————————————————————————        \nremote'} ===
[2026-07-14 21:58:04] === enhance · pipewatch-pro · words=120000 loc>=10000 langs=9 push=True ===
[2026-07-14 21:58:12] === done · pipewatch-pro · loc=10395 · {'committed': True, 'pushed': False, 'push_err': 'remote: error: GH013: Repository rule violations found for refs/heads/main.        \nremote: \nremote: - GITHUB PUSH PROTECTION        \nremote:   —————————————————————————————————————————        \nremote'} ===
[2026-07-14 21:58:14] === enhance · pipewatch-pro · words=120000 loc>=10000 langs=9 push=True ===
[2026-07-14 21:58:24] === done · pipewatch-pro · loc=10395 · {'committed': True, 'pushed': False, 'push_err': 'remote: error: GH013: Repository rule violations found for refs/heads/main.        \nremote: \nremote: - GITHUB PUSH PROTECTION        \nremote:   —————————————————————————————————————————        \nremote'} ===
[2026-07-14 21:58:25] === enhance · pipewatch-pro · words=120000 loc>=10000 langs=9 push=True ===
[2026-07-14 21:58:34] === done · pipewatch-pro · loc=10395 · {'committed': True, 'pushed': False, 'push_err': 'remote: error: GH013: Repository rule violations found for refs/heads/main.        \nremote: \nremote: - GITHUB PUSH PROTECTION        \nremote:   —————————————————————————————————————————        \nremote'} ===
[2026-07-14 21:58:35] === enhance · pipewatch-pro · words=120000 loc>=10000 langs=9 push=True ===
[2026-07-14 21:58:43] === done · pipewatch-pro · loc=10395 · {'committed': True, 'pushed': False, 'push_err': 'remote: error: GH013: Repository rule violations found for refs/heads/main.        \nremote: \nremote: - GITHUB PUSH PROTECTION        \nremote:   —————————————————————————————————————————        \nremote'} ===
[2026-07-14 21:58:44] === enhance · pipewatch-pro · words=120000 loc>=10000 langs=9 push=True ===
[2026-07-14 21:58:53] === done · pipewatch-pro · loc=10395 · {'committed': True, 'pushed': False, 'push_err': 'remote: error: GH013: Repository rule violations found for refs/heads/main.        \nremote: \nremote: - GITHUB PUSH PROTECTION        \nremote:   —————————————————————————————————————————        \nremote'} ===
[2026-07-14 21:58:55] === enhance · pipewatch-pro · words=120000 loc>=10000 langs=9 push=True ===
[2026-07-14 21:59:02] === done · pipewatch-pro · loc=10395 · {'committed': True, 'pushed': False, 'push_err': 'remote: error: GH013: Repository rule violations found for refs/heads/main.        \nremote: \nremote: - GITHUB PUSH PROTECTION        \nremote:   —————————————————————————————————————————        \nremote'} ===
[2026-07-14 21:59:04] === enhance · pipewatch-pro · words=120000 loc>=10000 langs=9 push=True ===
[2026-07-14 21:59:12] === done · pipewatch-pro · loc=10395 · {'committed': True, 'pushed': False, 'push_err': 'remote: error: GH013: Repository rule violations found for refs/heads/main.        \nremote: \nremote: - GITHUB PUSH PROTECTION        \nremote:   —————————————————————————————————————————        \nremote'} ===
[2026-07-14 21:59:13] === enhance · pipewatch-pro · words=120000 loc>=10000 langs=9 push=True ===
[2026-07-14 21:59:22] === done · pipewatch-pro · loc=10395 · {'committed': True, 'pushed': False, 'push_err': 'remote: error: GH013: Repository rule violations found for refs/heads/main.        \nremote: \nremote: - GITHUB PUSH PROTECTION        \nremote:   —————————————————————————————————————————        \nremote'} ===
[2026-07-14 21:59:23] === enhance · pipewatch-pro · words=120000 loc>=10000 langs=9 push=True ===
[2026-07-14 21:59:32] === done · pipewatch-pro · loc=10395 · {'committed': True, 'pushed': False, 'push_err': 'remote: error: GH013: Repository rule violations found for refs/heads/main.        \nremote: \nremote: - GITHUB PUSH PROTECTION        \nremote:   —————————————————————————————————————————        \nremote'} ===
[2026-07-14 21:59:34] === enhance · pipewatch-pro · words=120000 loc>=10000 langs=9 push=True ===
[2026-07-14 21:59:43] === done · pipewatch-pro · loc=10395 · {'committed': True, 'pushed': False, 'push_err': 'remote: error: GH013: Repository rule violations found for refs/heads/main.        \nremote: \nremote: - GITHUB PUSH PROTECTION        \nremote:   —————————————————————————————————————————        \nremote'} ===
[2026-07-14 21:59:45] === enhance · pipewatch-pro · words=120000 loc>=10000 langs=9 push=True ===
[2026-07-14 21:59:53] === done · pipewatch-pro · loc=10395 · {'committed': True, 'pushed': False, 'push_err': 'remote: error: GH013: Repository rule violations found for refs/heads/main.        \nremote: \nremote: - GITHUB PUSH PROTECTION        \nremote:   —————————————————————————————————————————        \nremote'} ===
[2026-07-14 21:59:55] === enhance · pipewatch-pro · words=120000 loc>=10000 langs=9 push=True ===
[2026-07-14 22:00:05] === done · pipewatch-pro · loc=10395 · {'committed': True, 'pushed': False, 'push_err': 'remote: error: GH013: Repository rule violations found for refs/heads/main.        \nremote: \nremote: - GITHUB PUSH PROTECTION        \nremote:   —————————————————————————————————————————        \nremote'} ===
[2026-07-14 22:00:06] === enhance · pipewatch-pro · words=120000 loc>=10000 langs=9 push=True ===
[2026-07-14 22:00:15] === done · pipewatch-pro · loc=10395 · {'committed': True, 'pushed': False, 'push_err': 'remote: error: GH013: Repository rule violations found for refs/heads/main.        \nremote: \nremote: - GITHUB PUSH PROTECTION        \nremote:   —————————————————————————————————————————        \nremote'} ===
[2026-07-14 22:00:16] === enhance · pipewatch-pro · words=120000 loc>=10000 langs=9 push=True ===
[2026-07-14 22:00:26] === done · pipewatch-pro · loc=10395 · {'committed': True, 'pushed': False, 'push_err': 'remote: error: GH013: Repository rule violations found for refs/heads/main.        \nremote: \nremote: - GITHUB PUSH PROTECTION        \nremote:   —————————————————————————————————————————        \nremote'} ===
[2026-07-14 22:00:27] === enhance · pipewatch-pro · words=120000 loc>=10000 langs=9 push=True ===
[2026-07-14 22:00:38] === done · pipewatch-pro · loc=10395 · {'committed': True, 'pushed': False, 'push_err': 'remote: error: GH013: Repository rule violations found for refs/heads/main.        \nremote: \nremote: - GITHUB PUSH PROTECTION        \nremote:   —————————————————————————————————————————        \nremote'} ===
[2026-07-14 22:00:39] === enhance · pipewatch-pro · words=120000 loc>=10000 langs=9 push=True ===
[2026-07-14 22:00:52] === done · pipewatch-pro · loc=10395 · {'committed': True, 'pushed': False, 'push_err': 'remote: error: GH013: Repository rule violations found for refs/heads/main.        \nremote: \nremote: - GITHUB PUSH PROTECTION        \nremote:   —————————————————————————————————————————        \nremote'} ===
[2026-07-14 22:00:53] === enhance · pipewatch-pro · words=120000 loc>=10000 langs=9 push=True ===
[2026-07-14 22:01:04] === done · pipewatch-pro · loc=10395 · {'committed': True, 'pushed': False, 'push_err': 'remote: error: GH013: Repository rule violations found for refs/heads/main.        \nremote: \nremote: - GITHUB PUSH PROTECTION        \nremote:   —————————————————————————————————————————        \nremote'} ===
[2026-07-14 22:01:05] === enhance · pipewatch-pro · words=120000 loc>=10000 langs=9 push=True ===
[2026-07-14 22:01:13] === done · pipewatch-pro · loc=10395 · {'committed': True, 'pushed': False, 'push_err': 'remote: error: GH013: Repository rule violations found for refs/heads/main.        \nremote: \nremote: - GITHUB PUSH PROTECTION        \nremote:   —————————————————————————————————————————        \nremote'} ===
[2026-07-14 22:01:15] === enhance · pipewatch-pro · words=120000 loc>=10000 langs=9 push=True ===
[2026-07-14 22:01:25] === done · pipewatch-pro · loc=10395 · {'committed': True, 'pushed': False, 'push_err': 'remote: error: GH013: Repository rule violations found for refs/heads/main.        \nremote: \nremote: - GITHUB PUSH PROTECTION        \nremote:   —————————————————————————————————————————        \nremote'} ===
[2026-07-14 22:01:26] === enhance · pipewatch-pro · words=120000 loc>=10000 langs=9 push=True ===
[2026-07-14 22:01:35] === done · pipewatch-pro · loc=10395 · {'committed': True, 'pushed': False, 'push_err': 'remote: error: GH013: Repository rule violations found for refs/heads/main.        \nremote: \nremote: - GITHUB PUSH PROTECTION        \nremote:   —————————————————————————————————————————        \nremote'} ===
[2026-07-14 22:01:37] === enhance · pipewatch-pro · words=120000 loc>=10000 langs=9 push=True ===
[2026-07-14 22:01:45] === done · pipewatch-pro · loc=10395 · {'committed': True, 'pushed': False, 'push_err': 'remote: error: GH013: Repository rule violations found for refs/heads/main.        \nremote: \nremote: - GITHUB PUSH PROTECTION        \nremote:   —————————————————————————————————————————        \nremote'} ===
[2026-07-14 22:01:46] === enhance · pipewatch-pro · words=120000 loc>=10000 langs=9 push=True ===
[2026-07-14 22:01:58] === done · pipewatch-pro · loc=10395 · {'committed': True, 'pushed': False, 'push_err': 'remote: error: GH013: Repository rule violations found for refs/heads/main.        \nremote: \nremote: - GITHUB PUSH PROTECTION        \nremote:   —————————————————————————————————————————        \nremote'} ===
[2026-07-14 22:02:00] === enhance · pipewatch-pro · words=120000 loc>=10000 langs=9 push=True ===
[2026-07-14 22:02:08] === done · pipewatch-pro · loc=10395 · {'committed': True, 'pushed': False, 'push_err': 'remote: error: GH013: Repository rule violations found for refs/heads/main.        \nremote: \nremote: - GITHUB PUSH PROTECTION        \nremote:   —————————————————————————————————————————        \nremote'} ===
[2026-07-14 22:02:10] === enhance · pipewatch-pro · words=120000 loc>=10000 langs=9 push=True ===
[2026-07-14 22:02:19] === done · pipewatch-pro · loc=10395 · {'committed': True, 'pushed': False, 'push_err': 'remote: error: GH013: Repository rule violations found for refs/heads/main.        \nremote: \nremote: - GITHUB PUSH PROTECTION        \nremote:   —————————————————————————————————————————        \nremote'} ===
[2026-07-14 22:02:20] === enhance · pipewatch-pro · words=120000 loc>=10000 langs=9 push=True ===
[2026-07-14 22:02:30] === done · pipewatch-pro · loc=10395 · {'committed': True, 'pushed': False, 'push_err': 'remote: error: GH013: Repository rule violations found for refs/heads/main.        \nremote: \nremote: - GITHUB PUSH PROTECTION        \nremote:   —————————————————————————————————————————        \nremote'} ===
[2026-07-14 22:02:32] === enhance · pipewatch-pro · words=120000 loc>=10000 langs=9 push=True ===
[2026-07-14 22:02:42] === done · pipewatch-pro · loc=10395 · {'committed': True, 'pushed': False, 'push_err': 'remote: error: GH013: Repository rule violations found for refs/heads/main.        \nremote: \nremote: - GITHUB PUSH PROTECTION        \nremote:   —————————————————————————————————————————        \nremote'} ===
[2026-07-14 22:02:44] === enhance · pipewatch-pro · words=120000 loc>=10000 langs=9 push=True ===
[2026-07-14 22:02:53] === done · pipewatch-pro · loc=10395 · {'committed': True, 'pushed': False, 'push_err': 'remote: error: GH013: Repository rule violations found for refs/heads/main.        \nremote: \nremote: - GITHUB PUSH PROTECTION        \nremote:   —————————————————————————————————————————        \nremote'} ===
[2026-07-14 22:02:54] === enhance · pipewatch-pro · words=120000 loc>=10000 langs=9 push=True ===
[2026-07-14 22:03:04] === done · pipewatch-pro · loc=10395 · {'committed': True, 'pushed': False, 'push_err': 'remote: error: GH013: Repository rule violations found for refs/heads/main.        \nremote: \nremote: - GITHUB PUSH PROTECTION        \nremote:   —————————————————————————————————————————        \nremote'} ===
[2026-07-14 22:03:06] === enhance · pipewatch-pro · words=120000 loc>=10000 langs=9 push=True ===
[2026-07-14 22:03:14] === done · pipewatch-pro · loc=10395 · {'committed': True, 'pushed': False, 'push_err': 'remote: error: GH013: Repository rule violations found for refs/heads/main.        \nremote: \nremote: - GITHUB PUSH PROTECTION        \nremote:   —————————————————————————————————————————        \nremote'} ===
[2026-07-14 22:03:16] === enhance · pipewatch-pro · words=120000 loc>=10000 langs=9 push=True ===
[2026-07-14 22:03:23] === done · pipewatch-pro · loc=10395 · {'committed': True, 'pushed': False, 'push_err': 'remote: error: GH013: Repository rule violations found for refs/heads/main.        \nremote: \nremote: - GITHUB PUSH PROTECTION        \nremote:   —————————————————————————————————————————        \nremote'} ===
[2026-07-14 22:03:25] === enhance · pipewatch-pro · words=120000 loc>=10000 langs=9 push=True ===
[2026-07-14 22:03:33] === done · pipewatch-pro · loc=10395 · {'committed': True, 'pushed': False, 'push_err': 'remote: error: GH013: Repository rule violations found for refs/heads/main.        \nremote: \nremote: - GITHUB PUSH PROTECTION        \nremote:   —————————————————————————————————————————        \nremote'} ===
[2026-07-14 22:03:34] === enhance · pipewatch-pro · words=120000 loc>=10000 langs=9 push=True ===
[2026-07-14 22:03:42] === done · pipewatch-pro · loc=10395 · {'committed': True, 'pushed': False, 'push_err': 'remote: error: GH013: Repository rule violations found for refs/heads/main.        \nremote: \nremote: - GITHUB PUSH PROTECTION        \nremote:   —————————————————————————————————————————        \nremote'} ===
[2026-07-14 22:03:43] === enhance · pipewatch-pro · words=120000 loc>=10000 langs=9 push=True ===
[2026-07-14 22:03:51] === done · pipewatch-pro · loc=10395 · {'committed': True, 'pushed': False, 'push_err': 'remote: error: GH013: Repository rule violations found for refs/heads/main.        \nremote: \nremote: - GITHUB PUSH PROTECTION        \nremote:   —————————————————————————————————————————        \nremote'} ===
[2026-07-14 22:03:52] === enhance · pipewatch-pro · words=120000 loc>=10000 langs=9 push=True ===
[2026-07-14 22:03:59] === done · pipewatch-pro · loc=10395 · {'committed': True, 'pushed': False, 'push_err': 'remote: error: GH013: Repository rule violations found for refs/heads/main.        \nremote: \nremote: - GITHUB PUSH PROTECTION        \nremote:   —————————————————————————————————————————        \nremote'} ===
[2026-07-14 22:04:00] === enhance · pipewatch-pro · words=120000 loc>=10000 langs=9 push=True ===
[2026-07-14 22:04:08] === done · pipewatch-pro · loc=10395 · {'committed': True, 'pushed': False, 'push_err': 'remote: error: GH013: Repository rule violations found for refs/heads/main.        \nremote: \nremote: - GITHUB PUSH PROTECTION        \nremote:   —————————————————————————————————————————        \nremote'} ===
[2026-07-14 22:04:09] === enhance · pipewatch-pro · words=120000 loc>=10000 langs=9 push=True ===
[2026-07-14 22:04:16] === done · pipewatch-pro · loc=10395 · {'committed': True, 'pushed': False, 'push_err': 'remote: error: GH013: Repository rule violations found for refs/heads/main.        \nremote: \nremote: - GITHUB PUSH PROTECTION        \nremote:   —————————————————————————————————————————        \nremote'} ===
[2026-07-14 22:04:17] === enhance · pipewatch-pro · words=120000 loc>=10000 langs=9 push=True ===
[2026-07-14 22:04:25] === done · pipewatch-pro · loc=10395 · {'committed': True, 'pushed': False, 'push_err': 'remote: error: GH013: Repository rule violations found for refs/heads/main.        \nremote: \nremote: - GITHUB PUSH PROTECTION        \nremote:   —————————————————————————————————————————        \nremote'} ===
[2026-07-14 22:04:26] === enhance · pipewatch-pro · words=120000 loc>=10000 langs=9 push=True ===
[2026-07-14 22:04:33] === done · pipewatch-pro · loc=10395 · {'committed': True, 'pushed': False, 'push_err': 'remote: error: GH013: Repository rule violations found for refs/heads/main.        \nremote: \nremote: - GITHUB PUSH PROTECTION        \nremote:   —————————————————————————————————————————        \nremote'} ===
[2026-07-14 22:04:34] === enhance · pipewatch-pro · words=120000 loc>=10000 langs=9 push=True ===
[2026-07-14 22:04:42] === done · pipewatch-pro · loc=10395 · {'committed': True, 'pushed': False, 'push_err': 'remote: error: GH013: Repository rule violations found for refs/heads/main.        \nremote: \nremote: - GITHUB PUSH PROTECTION        \nremote:   —————————————————————————————————————————        \nremote'} ===
[2026-07-14 22:04:43] === enhance · pipewatch-pro · words=120000 loc>=10000 langs=9 push=True ===
[2026-07-14 22:04:50] === done · pipewatch-pro · loc=10395 · {'committed': True, 'pushed': False, 'push_err': 'remote: error: GH013: Repository rule violations found for refs/heads/main.        \nremote: \nremote: - GITHUB PUSH PROTECTION        \nremote:   —————————————————————————————————————————        \nremote'} ===
[2026-07-14 22:04:51] === enhance · pipewatch-pro · words=120000 loc>=10000 langs=9 push=True ===
[2026-07-14 22:04:58] === done · pipewatch-pro · loc=10395 · {'committed': True, 'pushed': False, 'push_err': 'remote: error: GH013: Repository rule violations found for refs/heads/main.        \nremote: \nremote: - GITHUB PUSH PROTECTION        \nremote:   —————————————————————————————————————————        \nremote'} ===
[2026-07-14 22:05:00] === enhance · pipewatch-pro · words=120000 loc>=10000 langs=9 push=True ===
[2026-07-14 22:05:07] === done · pipewatch-pro · loc=10395 · {'committed': True, 'pushed': False, 'push_err': 'remote: error: GH013: Repository rule violations found for refs/heads/main.        \nremote: \nremote: - GITHUB PUSH PROTECTION        \nremote:   —————————————————————————————————————————        \nremote'} ===
[2026-07-14 22:05:08] === enhance · pipewatch-pro · words=120000 loc>=10000 langs=9 push=True ===
[2026-07-14 22:05:16] === done · pipewatch-pro · loc=10395 · {'committed': True, 'pushed': False, 'push_err': 'remote: error: GH013: Repository rule violations found for refs/heads/main.        \nremote: \nremote: - GITHUB PUSH PROTECTION        \nremote:   —————————————————————————————————————————        \nremote'} ===
[2026-07-14 22:05:17] === enhance · pipewatch-pro · words=120000 loc>=10000 langs=9 push=True ===
[2026-07-14 22:05:24] === done · pipewatch-pro · loc=10395 · {'committed': True, 'pushed': False, 'push_err': 'remote: error: GH013: Repository rule violations found for refs/heads/main.        \nremote: \nremote: - GITHUB PUSH PROTECTION        \nremote:   —————————————————————————————————————————        \nremote'} ===
[2026-07-14 22:05:26] === enhance · pipewatch-pro · words=120000 loc>=10000 langs=9 push=True ===
[2026-07-14 22:05:33] === done · pipewatch-pro · loc=10395 · {'committed': True, 'pushed': False, 'push_err': 'remote: error: GH013: Repository rule violations found for refs/heads/main.        \nremote: \nremote: - GITHUB PUSH PROTECTION        \nremote:   —————————————————————————————————————————        \nremote'} ===
[2026-07-14 22:05:34] === enhance · pipewatch-pro · words=120000 loc>=10000 langs=9 push=True ===
[2026-07-14 22:05:41] === done · pipewatch-pro · loc=10395 · {'committed': True, 'pushed': False, 'push_err': 'remote: error: GH013: Repository rule violations found for refs/heads/main.        \nremote: \nremote: - GITHUB PUSH PROTECTION        \nremote:   —————————————————————————————————————————        \nremote'} ===
[2026-07-14 22:05:43] === enhance · pipewatch-pro · words=120000 loc>=10000 langs=9 push=True ===
[2026-07-14 22:05:50] === done · pipewatch-pro · loc=10395 · {'committed': True, 'pushed': False, 'push_err': 'remote: error: GH013: Repository rule violations found for refs/heads/main.        \nremote: \nremote: - GITHUB PUSH PROTECTION        \nremote:   —————————————————————————————————————————        \nremote'} ===
[2026-07-14 22:05:51] === enhance · pipewatch-pro · words=120000 loc>=10000 langs=9 push=True ===
[2026-07-14 22:05:58] === done · pipewatch-pro · loc=10395 · {'committed': True, 'pushed': False, 'push_err': 'remote: error: GH013: Repository rule violations found for refs/heads/main.        \nremote: \nremote: - GITHUB PUSH PROTECTION        \nremote:   —————————————————————————————————————————        \nremote'} ===
[2026-07-14 22:06:00] === enhance · pipewatch-pro · words=120000 loc>=10000 langs=9 push=True ===
[2026-07-14 22:06:07] === done · pipewatch-pro · loc=10395 · {'committed': True, 'pushed': False, 'push_err': 'remote: error: GH013: Repository rule violations found for refs/heads/main.        \nremote: \nremote: - GITHUB PUSH PROTECTION        \nremote:   —————————————————————————————————————————        \nremote'} ===
[2026-07-14 22:06:08] === enhance · pipewatch-pro · words=120000 loc>=10000 langs=9 push=True ===
[2026-07-14 22:06:15] === done · pipewatch-pro · loc=10395 · {'committed': True, 'pushed': False, 'push_err': 'remote: error: GH013: Repository rule violations found for refs/heads/main.        \nremote: \nremote: - GITHUB PUSH PROTECTION        \nremote:   —————————————————————————————————————————        \nremote'} ===
[2026-07-14 22:06:17] === enhance · pipewatch-pro · words=120000 loc>=10000 langs=9 push=True ===
[2026-07-14 22:06:24] === done · pipewatch-pro · loc=10395 · {'committed': True, 'pushed': False, 'push_err': 'remote: error: GH013: Repository rule violations found for refs/heads/main.        \nremote: \nremote: - GITHUB PUSH PROTECTION        \nremote:   —————————————————————————————————————————        \nremote'} ===
[2026-07-14 22:06:25] === enhance · pipewatch-pro · words=120000 loc>=10000 langs=9 push=True ===
[2026-07-14 22:06:32] === done · pipewatch-pro · loc=10395 · {'committed': True, 'pushed': False, 'push_err': 'remote: error: GH013: Repository rule violations found for refs/heads/main.        \nremote: \nremote: - GITHUB PUSH PROTECTION        \nremote:   —————————————————————————————————————————        \nremote'} ===
[2026-07-14 22:06:34] === enhance · pipewatch-pro · words=120000 loc>=10000 langs=9 push=True ===
[2026-07-14 22:06:41] === done · pipewatch-pro · loc=10395 · {'committed': True, 'pushed': False, 'push_err': 'remote: error: GH013: Repository rule violations found for refs/heads/main.        \nremote: \nremote: - GITHUB PUSH PROTECTION        \nremote:   —————————————————————————————————————————        \nremote'} ===
[2026-07-14 22:06:42] === enhance · pipewatch-pro · words=120000 loc>=10000 langs=9 push=True ===
[2026-07-14 22:06:49] === done · pipewatch-pro · loc=10395 · {'committed': True, 'pushed': False, 'push_err': 'remote: error: GH013: Repository rule violations found for refs/heads/main.        \nremote: \nremote: - GITHUB PUSH PROTECTION        \nremote:   —————————————————————————————————————————        \nremote'} ===
[2026-07-14 22:06:51] === enhance · pipewatch-pro · words=120000 loc>=10000 langs=9 push=True ===
[2026-07-14 22:06:58] === done · pipewatch-pro · loc=10395 · {'committed': True, 'pushed': False, 'push_err': 'remote: error: GH013: Repository rule violations found for refs/heads/main.        \nremote: \nremote: - GITHUB PUSH PROTECTION        \nremote:   —————————————————————————————————————————        \nremote'} ===
[2026-07-14 22:06:59] === enhance · pipewatch-pro · words=120000 loc>=10000 langs=9 push=True ===
[2026-07-14 22:07:07] === done · pipewatch-pro · loc=10395 · {'committed': True, 'pushed': False, 'push_err': 'remote: error: GH013: Repository rule violations found for refs/heads/main.        \nremote: \nremote: - GITHUB PUSH PROTECTION        \nremote:   —————————————————————————————————————————        \nremote'} ===
[2026-07-14 22:07:08] === enhance · pipewatch-pro · words=120000 loc>=10000 langs=9 push=True ===
[2026-07-14 22:07:16] === done · pipewatch-pro · loc=10395 · {'committed': True, 'pushed': False, 'push_err': 'remote: error: GH013: Repository rule violations found for refs/heads/main.        \nremote: \nremote: - GITHUB PUSH PROTECTION        \nremote:   —————————————————————————————————————————        \nremote'} ===
[2026-07-14 22:07:17] === enhance · pipewatch-pro · words=120000 loc>=10000 langs=9 push=True ===
[2026-07-14 22:07:24] === done · pipewatch-pro · loc=10395 · {'committed': True, 'pushed': False, 'push_err': 'remote: error: GH013: Repository rule violations found for refs/heads/main.        \nremote: \nremote: - GITHUB PUSH PROTECTION        \nremote:   —————————————————————————————————————————        \nremote'} ===
[2026-07-14 22:07:26] === enhance · pipewatch-pro · words=120000 loc>=10000 langs=9 push=True ===
[2026-07-14 22:07:34] === done · pipewatch-pro · loc=10395 · {'committed': True, 'pushed': False, 'push_err': 'remote: error: GH013: Repository rule violations found for refs/heads/main.        \nremote: \nremote: - GITHUB PUSH PROTECTION        \nremote:   —————————————————————————————————————————        \nremote'} ===
[2026-07-14 22:07:35] === enhance · pipewatch-pro · words=120000 loc>=10000 langs=9 push=True ===
[2026-07-14 22:07:43] === done · pipewatch-pro · loc=10395 · {'committed': True, 'pushed': False, 'push_err': 'remote: error: GH013: Repository rule violations found for refs/heads/main.        \nremote: \nremote: - GITHUB PUSH PROTECTION        \nremote:   —————————————————————————————————————————        \nremote'} ===
[2026-07-14 22:07:44] === enhance · pipewatch-pro · words=120000 loc>=10000 langs=9 push=True ===
[2026-07-14 22:07:52] === done · pipewatch-pro · loc=10395 · {'committed': True, 'pushed': False, 'push_err': 'remote: error: GH013: Repository rule violations found for refs/heads/main.        \nremote: \nremote: - GITHUB PUSH PROTECTION        \nremote:   —————————————————————————————————————————        \nremote'} ===
[2026-07-14 22:07:53] === enhance · pipewatch-pro · words=120000 loc>=10000 langs=9 push=True ===
[2026-07-14 22:08:00] === done · pipewatch-pro · loc=10395 · {'committed': True, 'pushed': False, 'push_err': 'remote: error: GH013: Repository rule violations found for refs/heads/main.        \nremote: \nremote: - GITHUB PUSH PROTECTION        \nremote:   —————————————————————————————————————————        \nremote'} ===
[2026-07-14 22:08:01] === enhance · pipewatch-pro · words=120000 loc>=10000 langs=9 push=True ===
[2026-07-14 22:08:09] === done · pipewatch-pro · loc=10395 · {'committed': True, 'pushed': False, 'push_err': 'remote: error: GH013: Repository rule violations found for refs/heads/main.        \nremote: \nremote: - GITHUB PUSH PROTECTION        \nremote:   —————————————————————————————————————————        \nremote'} ===
[2026-07-14 22:08:10] === enhance · pipewatch-pro · words=120000 loc>=10000 langs=9 push=True ===
[2026-07-14 22:08:17] === done · pipewatch-pro · loc=10395 · {'committed': True, 'pushed': False, 'push_err': 'remote: error: GH013: Repository rule violations found for refs/heads/main.        \nremote: \nremote: - GITHUB PUSH PROTECTION        \nremote:   —————————————————————————————————————————        \nremote'} ===
[2026-07-14 22:08:18] === enhance · pipewatch-pro · words=120000 loc>=10000 langs=9 push=True ===
[2026-07-14 22:08:26] === done · pipewatch-pro · loc=10395 · {'committed': True, 'pushed': False, 'push_err': 'remote: error: GH013: Repository rule violations found for refs/heads/main.        \nremote: \nremote: - GITHUB PUSH PROTECTION        \nremote:   —————————————————————————————————————————        \nremote'} ===
[2026-07-14 22:08:27] === enhance · pipewatch-pro · words=120000 loc>=10000 langs=9 push=True ===
[2026-07-14 22:08:34] === done · pipewatch-pro · loc=10395 · {'committed': True, 'pushed': False, 'push_err': 'remote: error: GH013: Repository rule violations found for refs/heads/main.        \nremote: \nremote: - GITHUB PUSH PROTECTION        \nremote:   —————————————————————————————————————————        \nremote'} ===
[2026-07-14 22:08:36] === enhance · pipewatch-pro · words=120000 loc>=10000 langs=9 push=True ===
[2026-07-14 22:08:43] === done · pipewatch-pro · loc=10395 · {'committed': True, 'pushed': False, 'push_err': 'remote: error: GH013: Repository rule violations found for refs/heads/main.        \nremote: \nremote: - GITHUB PUSH PROTECTION        \nremote:   —————————————————————————————————————————        \nremote'} ===
[2026-07-14 22:08:44] === enhance · pipewatch-pro · words=120000 loc>=10000 langs=9 push=True ===
[2026-07-14 22:08:52] === done · pipewatch-pro · loc=10395 · {'committed': True, 'pushed': False, 'push_err': 'remote: error: GH013: Repository rule violations found for refs/heads/main.        \nremote: \nremote: - GITHUB PUSH PROTECTION        \nremote:   —————————————————————————————————————————        \nremote'} ===
[2026-07-14 22:08:53] === enhance · pipewatch-pro · words=120000 loc>=10000 langs=9 push=True ===
[2026-07-14 22:09:00] === done · pipewatch-pro · loc=10395 · {'committed': True, 'pushed': False, 'push_err': 'remote: error: GH013: Repository rule violations found for refs/heads/main.        \nremote: \nremote: - GITHUB PUSH PROTECTION        \nremote:   —————————————————————————————————————————        \nremote'} ===
[2026-07-14 22:09:02] === enhance · pipewatch-pro · words=120000 loc>=10000 langs=9 push=True ===
[2026-07-14 22:09:09] === done · pipewatch-pro · loc=10395 · {'committed': True, 'pushed': False, 'push_err': 'remote: error: GH013: Repository rule violations found for refs/heads/main.        \nremote: \nremote: - GITHUB PUSH PROTECTION        \nremote:   —————————————————————————————————————————        \nremote'} ===
[2026-07-14 22:09:10] === enhance · pipewatch-pro · words=120000 loc>=10000 langs=9 push=True ===
[2026-07-14 22:09:17] === done · pipewatch-pro · loc=10395 · {'committed': True, 'pushed': False, 'push_err': 'remote: error: GH013: Repository rule violations found for refs/heads/main.        \nremote: \nremote: - GITHUB PUSH PROTECTION        \nremote:   —————————————————————————————————————————        \nremote'} ===
[2026-07-14 22:09:18] === enhance · pipewatch-pro · words=120000 loc>=10000 langs=9 push=True ===
[2026-07-14 22:09:26] === done · pipewatch-pro · loc=10395 · {'committed': True, 'pushed': False, 'push_err': 'remote: error: GH013: Repository rule violations found for refs/heads/main.        \nremote: \nremote: - GITHUB PUSH PROTECTION        \nremote:   —————————————————————————————————————————        \nremote'} ===
[2026-07-14 22:09:27] === enhance · pipewatch-pro · words=120000 loc>=10000 langs=9 push=True ===
[2026-07-14 22:09:34] === done · pipewatch-pro · loc=10395 · {'committed': True, 'pushed': False, 'push_err': 'remote: error: GH013: Repository rule violations found for refs/heads/main.        \nremote: \nremote: - GITHUB PUSH PROTECTION        \nremote:   —————————————————————————————————————————        \nremote'} ===
[2026-07-14 22:09:36] === enhance · pipewatch-pro · words=120000 loc>=10000 langs=9 push=True ===
[2026-07-14 22:09:43] === done · pipewatch-pro · loc=10395 · {'committed': True, 'pushed': False, 'push_err': 'remote: error: GH013: Repository rule violations found for refs/heads/main.        \nremote: \nremote: - GITHUB PUSH PROTECTION        \nremote:   —————————————————————————————————————————        \nremote'} ===
[2026-07-14 22:09:44] === enhance · pipewatch-pro · words=120000 loc>=10000 langs=9 push=True ===
[2026-07-14 22:09:51] === done · pipewatch-pro · loc=10395 · {'committed': True, 'pushed': False, 'push_err': 'remote: error: GH013: Repository rule violations found for refs/heads/main.        \nremote: \nremote: - GITHUB PUSH PROTECTION        \nremote:   —————————————————————————————————————————        \nremote'} ===
[2026-07-14 22:09:53] === enhance · pipewatch-pro · words=120000 loc>=10000 langs=9 push=True ===
[2026-07-14 22:10:00] === done · pipewatch-pro · loc=10395 · {'committed': True, 'pushed': False, 'push_err': 'remote: error: GH013: Repository rule violations found for refs/heads/main.        \nremote: \nremote: - GITHUB PUSH PROTECTION        \nremote:   —————————————————————————————————————————        \nremote'} ===
[2026-07-14 22:10:01] === enhance · pipewatch-pro · words=120000 loc>=10000 langs=9 push=True ===
[2026-07-14 22:10:08] === done · pipewatch-pro · loc=10395 · {'committed': True, 'pushed': False, 'push_err': 'remote: error: GH013: Repository rule violations found for refs/heads/main.        \nremote: \nremote: - GITHUB PUSH PROTECTION        \nremote:   —————————————————————————————————————————        \nremote'} ===
[2026-07-14 22:10:10] === enhance · pipewatch-pro · words=120000 loc>=10000 langs=9 push=True ===
[2026-07-14 22:10:17] === done · pipewatch-pro · loc=10395 · {'committed': True, 'pushed': False, 'push_err': 'remote: error: GH013: Repository rule violations found for refs/heads/main.        \nremote: \nremote: - GITHUB PUSH PROTECTION        \nremote:   —————————————————————————————————————————        \nremote'} ===
[2026-07-14 22:10:18] === enhance · pipewatch-pro · words=120000 loc>=10000 langs=9 push=True ===
[2026-07-14 22:10:25] === done · pipewatch-pro · loc=10395 · {'committed': True, 'pushed': False, 'push_err': 'remote: error: GH013: Repository rule violations found for refs/heads/main.        \nremote: \nremote: - GITHUB PUSH PROTECTION        \nremote:   —————————————————————————————————————————        \nremote'} ===
[2026-07-14 22:10:27] === enhance · pipewatch-pro · words=120000 loc>=10000 langs=9 push=True ===
[2026-07-14 22:10:34] === done · pipewatch-pro · loc=10395 · {'committed': True, 'pushed': False, 'push_err': 'remote: error: GH013: Repository rule violations found for refs/heads/main.        \nremote: \nremote: - GITHUB PUSH PROTECTION        \nremote:   —————————————————————————————————————————        \nremote'} ===
[2026-07-14 22:10:36] === enhance · pipewatch-pro · words=120000 loc>=10000 langs=9 push=True ===
[2026-07-14 22:10:43] === done · pipewatch-pro · loc=10395 · {'committed': True, 'pushed': False, 'push_err': 'remote: error: GH013: Repository rule violations found for refs/heads/main.        \nremote: \nremote: - GITHUB PUSH PROTECTION        \nremote:   —————————————————————————————————————————        \nremote'} ===
[2026-07-14 22:10:44] === enhance · pipewatch-pro · words=120000 loc>=10000 langs=9 push=True ===
[2026-07-14 22:10:51] === done · pipewatch-pro · loc=10395 · {'committed': True, 'pushed': False, 'push_err': 'remote: error: GH013: Repository rule violations found for refs/heads/main.        \nremote: \nremote: - GITHUB PUSH PROTECTION        \nremote:   —————————————————————————————————————————        \nremote'} ===
[2026-07-14 22:10:53] === enhance · pipewatch-pro · words=120000 loc>=10000 langs=9 push=True ===
[2026-07-14 22:11:00] === done · pipewatch-pro · loc=10395 · {'committed': True, 'pushed': False, 'push_err': 'remote: error: GH013: Repository rule violations found for refs/heads/main.        \nremote: \nremote: - GITHUB PUSH PROTECTION        \nremote:   —————————————————————————————————————————        \nremote'} ===
[2026-07-14 22:11:01] === enhance · pipewatch-pro · words=120000 loc>=10000 langs=9 push=True ===
[2026-07-14 22:11:09] === done · pipewatch-pro · loc=10395 · {'committed': True, 'pushed': False, 'push_err': 'remote: error: GH013: Repository rule violations found for refs/heads/main.        \nremote: \nremote: - GITHUB PUSH PROTECTION        \nremote:   —————————————————————————————————————————        \nremote'} ===
[2026-07-14 22:11:10] === enhance · pipewatch-pro · words=120000 loc>=10000 langs=9 push=True ===
[2026-07-14 22:11:18] === done · pipewatch-pro · loc=10395 · {'committed': True, 'pushed': False, 'push_err': 'remote: error: GH013: Repository rule violations found for refs/heads/main.        \nremote: \nremote: - GITHUB PUSH PROTECTION        \nremote:   —————————————————————————————————————————        \nremote'} ===
[2026-07-14 22:11:19] === enhance · pipewatch-pro · words=120000 loc>=10000 langs=9 push=True ===
[2026-07-14 22:11:27] === done · pipewatch-pro · loc=10395 · {'committed': True, 'pushed': False, 'push_err': 'remote: error: GH013: Repository rule violations found for refs/heads/main.        \nremote: \nremote: - GITHUB PUSH PROTECTION        \nremote:   —————————————————————————————————————————        \nremote'} ===
[2026-07-14 22:11:28] === enhance · pipewatch-pro · words=120000 loc>=10000 langs=9 push=True ===
[2026-07-14 22:11:36] === done · pipewatch-pro · loc=10395 · {'committed': True, 'pushed': False, 'push_err': 'remote: error: GH013: Repository rule violations found for refs/heads/main.        \nremote: \nremote: - GITHUB PUSH PROTECTION        \nremote:   —————————————————————————————————————————        \nremote'} ===
[2026-07-14 22:11:38] === enhance · pipewatch-pro · words=120000 loc>=10000 langs=9 push=True ===
[2026-07-14 22:11:45] === done · pipewatch-pro · loc=10395 · {'committed': True, 'pushed': False, 'push_err': 'remote: error: GH013: Repository rule violations found for refs/heads/main.        \nremote: \nremote: - GITHUB PUSH PROTECTION        \nremote:   —————————————————————————————————————————        \nremote'} ===
[2026-07-14 22:11:46] === enhance · pipewatch-pro · words=120000 loc>=10000 langs=9 push=True ===
[2026-07-14 22:11:54] === done · pipewatch-pro · loc=10395 · {'committed': True, 'pushed': False, 'push_err': 'remote: error: GH013: Repository rule violations found for refs/heads/main.        \nremote: \nremote: - GITHUB PUSH PROTECTION        \nremote:   —————————————————————————————————————————        \nremote'} ===
[2026-07-14 22:11:56] === enhance · pipewatch-pro · words=120000 loc>=10000 langs=9 push=True ===
[2026-07-14 22:12:03] === done · pipewatch-pro · loc=10395 · {'committed': True, 'pushed': False, 'push_err': 'remote: error: GH013: Repository rule violations found for refs/heads/main.        \nremote: \nremote: - GITHUB PUSH PROTECTION        \nremote:   —————————————————————————————————————————        \nremote'} ===
[2026-07-14 22:12:04] === enhance · pipewatch-pro · words=120000 loc>=10000 langs=9 push=True ===
[2026-07-14 22:12:11] === done · pipewatch-pro · loc=10395 · {'committed': True, 'pushed': False, 'push_err': 'remote: error: GH013: Repository rule violations found for refs/heads/main.        \nremote: \nremote: - GITHUB PUSH PROTECTION        \nremote:   —————————————————————————————————————————        \nremote'} ===
[2026-07-14 22:12:13] === enhance · pipewatch-pro · words=120000 loc>=10000 langs=9 push=True ===
[2026-07-14 22:12:20] === done · pipewatch-pro · loc=10395 · {'committed': True, 'pushed': False, 'push_err': 'remote: error: GH013: Repository rule violations found for refs/heads/main.        \nremote: \nremote: - GITHUB PUSH PROTECTION        \nremote:   —————————————————————————————————————————        \nremote'} ===
[2026-07-14 22:12:21] === enhance · pipewatch-pro · words=120000 loc>=10000 langs=9 push=True ===
[2026-07-14 22:12:29] === done · pipewatch-pro · loc=10395 · {'committed': True, 'pushed': False, 'push_err': 'remote: error: GH013: Repository rule violations found for refs/heads/main.        \nremote: \nremote: - GITHUB PUSH PROTECTION        \nremote:   —————————————————————————————————————————        \nremote'} ===
[2026-07-14 22:12:30] === enhance · pipewatch-pro · words=120000 loc>=10000 langs=9 push=True ===
[2026-07-14 22:12:37] === done · pipewatch-pro · loc=10395 · {'committed': True, 'pushed': False, 'push_err': 'remote: error: GH013: Repository rule violations found for refs/heads/main.        \nremote: \nremote: - GITHUB PUSH PROTECTION        \nremote:   —————————————————————————————————————————        \nremote'} ===
[2026-07-14 22:12:39] === enhance · pipewatch-pro · words=120000 loc>=10000 langs=9 push=True ===
[2026-07-14 22:12:46] === done · pipewatch-pro · loc=10395 · {'committed': True, 'pushed': False, 'push_err': 'remote: error: GH013: Repository rule violations found for refs/heads/main.        \nremote: \nremote: - GITHUB PUSH PROTECTION        \nremote:   —————————————————————————————————————————        \nremote'} ===
[2026-07-14 22:12:47] === enhance · pipewatch-pro · words=120000 loc>=10000 langs=9 push=True ===
[2026-07-14 22:12:55] === done · pipewatch-pro · loc=10395 · {'committed': True, 'pushed': False, 'push_err': 'remote: error: GH013: Repository rule violations found for refs/heads/main.        \nremote: \nremote: - GITHUB PUSH PROTECTION        \nremote:   —————————————————————————————————————————        \nremote'} ===
[2026-07-14 22:12:56] === enhance · pipewatch-pro · words=120000 loc>=10000 langs=9 push=True ===
[2026-07-14 22:13:03] === done · pipewatch-pro · loc=10395 · {'committed': True, 'pushed': False, 'push_err': 'remote: error: GH013: Repository rule violations found for refs/heads/main.        \nremote: \nremote: - GITHUB PUSH PROTECTION        \nremote:   —————————————————————————————————————————        \nremote'} ===
[2026-07-14 22:13:05] === enhance · pipewatch-pro · words=120000 loc>=10000 langs=9 push=True ===
[2026-07-14 22:13:12] === done · pipewatch-pro · loc=10395 · {'committed': True, 'pushed': False, 'push_err': 'remote: error: GH013: Repository rule violations found for refs/heads/main.        \nremote: \nremote: - GITHUB PUSH PROTECTION        \nremote:   —————————————————————————————————————————        \nremote'} ===
[2026-07-14 22:13:13] === enhance · pipewatch-pro · words=120000 loc>=10000 langs=9 push=True ===
[2026-07-14 22:13:21] === done · pipewatch-pro · loc=10395 · {'committed': True, 'pushed': False, 'push_err': 'remote: error: GH013: Repository rule violations found for refs/heads/main.        \nremote: \nremote: - GITHUB PUSH PROTECTION        \nremote:   —————————————————————————————————————————        \nremote'} ===
[2026-07-14 22:13:22] === enhance · pipewatch-pro · words=120000 loc>=10000 langs=9 push=True ===
[2026-07-14 22:13:31] === done · pipewatch-pro · loc=10395 · {'committed': True, 'pushed': False, 'push_err': 'remote: error: GH013: Repository rule violations found for refs/heads/main.        \nremote: \nremote: - GITHUB PUSH PROTECTION        \nremote:   —————————————————————————————————————————        \nremote'} ===
[2026-07-14 22:13:32] === enhance · pipewatch-pro · words=120000 loc>=10000 langs=9 push=True ===
[2026-07-14 22:13:39] === done · pipewatch-pro · loc=10395 · {'committed': True, 'pushed': False, 'push_err': 'remote: error: GH013: Repository rule violations found for refs/heads/main.        \nremote: \nremote: - GITHUB PUSH PROTECTION        \nremote:   —————————————————————————————————————————        \nremote'} ===
[2026-07-14 22:13:41] === enhance · pipewatch-pro · words=120000 loc>=10000 langs=9 push=True ===
[2026-07-14 22:13:48] === done · pipewatch-pro · loc=10395 · {'committed': True, 'pushed': False, 'push_err': 'remote: error: GH013: Repository rule violations found for refs/heads/main.        \nremote: \nremote: - GITHUB PUSH PROTECTION        \nremote:   —————————————————————————————————————————        \nremote'} ===
[2026-07-14 22:13:49] === enhance · pipewatch-pro · words=120000 loc>=10000 langs=9 push=True ===
[2026-07-14 22:13:57] === done · pipewatch-pro · loc=10395 · {'committed': True, 'pushed': False, 'push_err': 'remote: error: GH013: Repository rule violations found for refs/heads/main.        \nremote: \nremote: - GITHUB PUSH PROTECTION        \nremote:   —————————————————————————————————————————        \nremote'} ===
[2026-07-14 22:13:58] === enhance · pipewatch-pro · words=120000 loc>=10000 langs=9 push=True ===
[2026-07-14 22:14:05] === done · pipewatch-pro · loc=10395 · {'committed': True, 'pushed': False, 'push_err': 'remote: error: GH013: Repository rule violations found for refs/heads/main.        \nremote: \nremote: - GITHUB PUSH PROTECTION        \nremote:   —————————————————————————————————————————        \nremote'} ===
[2026-07-14 22:14:07] === enhance · pipewatch-pro · words=120000 loc>=10000 langs=9 push=True ===
[2026-07-14 22:14:14] === done · pipewatch-pro · loc=10395 · {'committed': True, 'pushed': False, 'push_err': 'remote: error: GH013: Repository rule violations found for refs/heads/main.        \nremote: \nremote: - GITHUB PUSH PROTECTION        \nremote:   —————————————————————————————————————————        \nremote'} ===
[2026-07-14 22:14:16] === enhance · pipewatch-pro · words=120000 loc>=10000 langs=9 push=True ===
[2026-07-14 22:14:23] === done · pipewatch-pro · loc=10395 · {'committed': True, 'pushed': False, 'push_err': 'remote: error: GH013: Repository rule violations found for refs/heads/main.        \nremote: \nremote: - GITHUB PUSH PROTECTION        \nremote:   —————————————————————————————————————————        \nremote'} ===
[2026-07-14 22:14:24] === enhance · pipewatch-pro · words=120000 loc>=10000 langs=9 push=True ===
[2026-07-14 22:14:32] === done · pipewatch-pro · loc=10395 · {'committed': True, 'pushed': False, 'push_err': 'remote: error: GH013: Repository rule violations found for refs/heads/main.        \nremote: \nremote: - GITHUB PUSH PROTECTION        \nremote:   —————————————————————————————————————————        \nremote'} ===
[2026-07-14 22:14:34] === enhance · pipewatch-pro · words=120000 loc>=10000 langs=9 push=True ===
[2026-07-14 22:14:41] === done · pipewatch-pro · loc=10395 · {'committed': True, 'pushed': False, 'push_err': 'remote: error: GH013: Repository rule violations found for refs/heads/main.        \nremote: \nremote: - GITHUB PUSH PROTECTION        \nremote:   —————————————————————————————————————————        \nremote'} ===
[2026-07-14 22:14:42] === enhance · pipewatch-pro · words=120000 loc>=10000 langs=9 push=True ===
[2026-07-14 22:14:50] === done · pipewatch-pro · loc=10395 · {'committed': True, 'pushed': False, 'push_err': 'remote: error: GH013: Repository rule violations found for refs/heads/main.        \nremote: \nremote: - GITHUB PUSH PROTECTION        \nremote:   —————————————————————————————————————————        \nremote'} ===
[2026-07-14 22:14:51] === enhance · pipewatch-pro · words=120000 loc>=10000 langs=9 push=True ===
[2026-07-14 22:14:58] === done · pipewatch-pro · loc=10395 · {'committed': True, 'pushed': False, 'push_err': 'remote: error: GH013: Repository rule violations found for refs/heads/main.        \nremote: \nremote: - GITHUB PUSH PROTECTION        \nremote:   —————————————————————————————————————————        \nremote'} ===
[2026-07-14 22:15:00] === enhance · pipewatch-pro · words=120000 loc>=10000 langs=9 push=True ===
[2026-07-14 22:15:07] === done · pipewatch-pro · loc=10395 · {'committed': True, 'pushed': False, 'push_err': 'remote: error: GH013: Repository rule violations found for refs/heads/main.        \nremote: \nremote: - GITHUB PUSH PROTECTION        \nremote:   —————————————————————————————————————————        \nremote'} ===
[2026-07-14 22:15:08] === enhance · pipewatch-pro · words=120000 loc>=10000 langs=9 push=True ===
[2026-07-14 22:15:16] === done · pipewatch-pro · loc=10395 · {'committed': True, 'pushed': False, 'push_err': 'remote: error: GH013: Repository rule violations found for refs/heads/main.        \nremote: \nremote: - GITHUB PUSH PROTECTION        \nremote:   —————————————————————————————————————————        \nremote'} ===
[2026-07-14 22:15:18] === enhance · pipewatch-pro · words=120000 loc>=10000 langs=9 push=True ===
[2026-07-14 22:15:25] === done · pipewatch-pro · loc=10395 · {'committed': True, 'pushed': False, 'push_err': 'remote: error: GH013: Repository rule violations found for refs/heads/main.        \nremote: \nremote: - GITHUB PUSH PROTECTION        \nremote:   —————————————————————————————————————————        \nremote'} ===
[2026-07-14 22:15:27] === enhance · pipewatch-pro · words=120000 loc>=10000 langs=9 push=True ===
[2026-07-14 22:15:34] === done · pipewatch-pro · loc=10395 · {'committed': True, 'pushed': False, 'push_err': 'remote: error: GH013: Repository rule violations found for refs/heads/main.        \nremote: \nremote: - GITHUB PUSH PROTECTION        \nremote:   —————————————————————————————————————————        \nremote'} ===
[2026-07-14 22:15:35] === enhance · pipewatch-pro · words=120000 loc>=10000 langs=9 push=True ===
[2026-07-14 22:15:43] === done · pipewatch-pro · loc=10395 · {'committed': True, 'pushed': False, 'push_err': 'remote: error: GH013: Repository rule violations found for refs/heads/main.        \nremote: \nremote: - GITHUB PUSH PROTECTION        \nremote:   —————————————————————————————————————————        \nremote'} ===
[2026-07-14 22:15:44] === enhance · pipewatch-pro · words=120000 loc>=10000 langs=9 push=True ===
[2026-07-14 22:15:51] === done · pipewatch-pro · loc=10395 · {'committed': True, 'pushed': False, 'push_err': 'remote: error: GH013: Repository rule violations found for refs/heads/main.        \nremote: \nremote: - GITHUB PUSH PROTECTION        \nremote:   —————————————————————————————————————————        \nremote'} ===
[2026-07-14 22:15:53] === enhance · pipewatch-pro · words=120000 loc>=10000 langs=9 push=True ===
[2026-07-14 22:16:00] === done · pipewatch-pro · loc=10395 · {'committed': True, 'pushed': False, 'push_err': 'remote: error: GH013: Repository rule violations found for refs/heads/main.        \nremote: \nremote: - GITHUB PUSH PROTECTION        \nremote:   —————————————————————————————————————————        \nremote'} ===
[2026-07-14 22:16:02] === enhance · pipewatch-pro · words=120000 loc>=10000 langs=9 push=True ===
[2026-07-14 22:16:09] === done · pipewatch-pro · loc=10395 · {'committed': True, 'pushed': False, 'push_err': 'remote: error: GH013: Repository rule violations found for refs/heads/main.        \nremote: \nremote: - GITHUB PUSH PROTECTION        \nremote:   —————————————————————————————————————————        \nremote'} ===
[2026-07-14 22:16:10] === enhance · pipewatch-pro · words=120000 loc>=10000 langs=9 push=True ===
